Tm,C,PF,PG,SF,SG,0,1,2,3,4,5,6,7,8,9,10,11,12,13,14,15,16,17,18,19,20,21,22,23,24,25,26,27,28,29,30,31,32,33,34,35,36,37,38,39,40,41,42,43,44,45,46,47,48,49,50,51,52,53,54,55,56,57,58,59,60,61,62,63,64,65,66,67,68,69,70,71,72,73,74,75,76,77,78,79,80,81,82,83,84,85,86,87,88,89,90,91,92,93,94,95,96,97,98,99,100,101,102,103,104,105,106,107,108,109,110,111,112,113,114,115,116,117,118,119,120,121,122,123,124,125,126,127,128,129,130,131,132,133,134,135,136,137,138,139,140,141,142,143,144,145,146,147,148,149,150,151,152,153,154,155,156,157,158,159,160,161,162,163,164,165,166,167,168,169,170,171,172,173,174,175,176,177,178,179,180,181,Rk
ATL,4,3,3,3,5,26.88888888888889,3.562697076305582,21.0,24.5,27.0,28.75,33.0,47.333333333333336,24.521299265068702,1.0,28.75,54.0,67.25,80.0,22.77777777777778,28.95545372902305,0.0,1.25,8.5,33.25,78.0,19.90555555555555,9.535350465333302,5.0,13.450000000000001,15.8,27.65,37.2,2.9333333333333327,2.1124282097094973,0.0,1.8,2.1,3.6000000000000005,7.8,6.461111111111112,4.245986186130433,0.0,3.825,4.75,7.975,15.6,0.44282352941176456,0.0521287292360432,0.342,0.42200000000000004,0.446,0.473,0.5429999999999999,0.7222222222222222,0.7384845815074158,0.0,0.0,0.7,1.0750000000000002,2.6,1.9777777777777783,1.817417545845674,0.0,0.125,1.9500000000000002,3.0500000000000003,5.6,0.30170588235294116,0.14634153746710224,0.0,0.25,0.35,0.384,0.5,2.2055555555555553,2.0463661400357878,0.0,1.05,1.45,2.575,7.7,4.488888888888889,3.886006401388704,0.0,2.5,3.2,4.9,14.2,0.4731764705882353,0.05685973453828912,0.33299999999999996,0.44299999999999995,0.479,0.5,0.551,0.5019411764705882,0.050938039062466994,0.409,0.47600000000000003,0.496,0.525,0.618,1.1277777777777775,0.8086339647138803,0.0,0.47500000000000003,0.95,1.725,2.7,1.5333333333333334,1.1702186824290075,0.0,0.7249999999999999,1.1,2.5250000000000004,4.2,0.7600588235294118,0.1469649067754932,0.517,0.644,0.768,0.868,1.0,0.7222222222222223,0.814252132909526,0.0,0.22500000000000003,0.35,1.0750000000000002,2.6,2.5666666666666664,1.9029389035353277,0.7,1.425,1.9,2.95,7.6,3.3,2.586617141227924,1.0,1.625,2.4,3.8249999999999997,10.2,1.9388888888888889,1.8519112190919664,0.0,0.55,1.2,3.075,7.2,0.6388888888888888,0.43133021182614484,0.0,0.32499999999999996,0.5,1.05,1.5,0.3111111111111111,0.4548935090492756,0.0,0.025,0.2,0.3,1.8,1.1222222222222222,0.8516803843720853,0.0,0.6,0.8500000000000001,1.45,3.0,1.5222222222222224,0.6708691075590857,0.0,1.125,1.45,2.125,2.5,7.71111111111111,5.133498851418625,0.0,4.699999999999999,5.550000000000001,10.65,17.5,14
BOS,5,6,3,3,3,27.45,4.639362478889348,20.0,24.0,26.5,30.0,36.0,41.4,28.945320501721316,1.0,15.0,39.5,70.25,81.0,20.25,26.72840988044074,0.0,0.0,6.0,38.25,77.0,18.285000000000004,10.735689373104526,3.6,9.525,16.7,27.650000000000002,37.4,2.645,2.000388120235408,0.0,0.875,2.25,3.6500000000000004,6.2,5.76,4.319039854314602,0.7,1.8749999999999998,4.85,8.549999999999999,14.2,0.44279999999999997,0.14459256732735534,0.0,0.42625,0.47550000000000003,0.497,0.7190000000000001,0.385,0.5733328233371865,0.0,0.0,0.0,0.7249999999999999,1.9,1.1150000000000002,1.5235951251113788,0.0,0.0,0.25,2.05,5.0,0.24478571428571433,0.15297168092439584,0.0,0.14375,0.3185,0.37200000000000005,0.385,2.255,1.73856413835035,0.0,0.875,1.9,3.125,6.2,4.635000000000001,3.4420426921723153,0.7,1.7999999999999998,3.8,7.05,12.3,0.46130000000000015,0.14309661807765814,0.0,0.46,0.499,0.50625,0.7240000000000001,0.46514999999999995,0.14722137823878134,0.0,0.47525,0.499,0.5195,0.7190000000000001,1.13,1.0136437659308748,0.0,0.475,0.75,1.6,4.3,1.5799999999999996,1.2356971183995908,0.0,0.875,1.0,1.9249999999999998,5.5,0.6805263157894735,0.1740722609917606,0.25,0.6005,0.75,0.7895000000000001,0.87,0.6649999999999999,0.5887319111088635,0.0,0.2,0.55,0.9500000000000001,2.0,2.3399999999999994,1.757510200614255,0.4,0.975,1.9,3.325,6.7,2.995,2.179684912043361,0.5,1.1,2.3,4.6000000000000005,7.8,1.7549999999999997,2.5054624533732603,0.0,0.27499999999999997,1.2,2.1500000000000004,11.1,0.6050000000000001,0.46845209832068496,0.0,0.3,0.5,0.8750000000000001,1.8,0.32999999999999996,0.27548999408709063,0.0,0.1,0.3,0.5,0.9,1.145,0.9450563892950348,0.2,0.5,0.95,1.6,3.9,1.7199999999999995,0.9082081838781006,0.2,1.15,1.9,2.3249999999999997,3.4,6.8100000000000005,5.261568707444377,0.0,2.0999999999999996,5.6,9.424999999999999,18.6,16
BRK,2,3,3,6,3,27.529411764705884,4.259073359588085,21.0,24.0,27.0,30.0,38.0,53.76470588235294,28.632432248598583,2.0,37.0,69.0,74.0,82.0,24.11764705882353,31.342627428434383,0.0,0.0,8.0,56.0,78.0,17.376470588235293,11.227952251622105,0.0,7.5,18.3,24.6,36.7,2.4411764705882355,2.3168024364221833,0.0,0.8,1.8,2.6,7.7,5.570588235294118,4.795018861522125,0.0,2.3,4.6,6.6,14.8,0.3961250000000001,0.12057577147448265,0.0,0.383,0.4205,0.45175,0.521,0.5470588235294118,0.7203450970358093,0.0,0.0,0.2,0.8,2.2,1.5294117647058822,1.8979478081214305,0.0,0.1,0.3,2.4,5.7,0.2782,0.1663151912999617,0.0,0.20450000000000002,0.337,0.37649999999999995,0.5,1.9176470588235295,2.053726884872246,0.0,0.5,1.3,2.1,7.7,4.047058823529412,3.9743108910631952,0.0,1.3,3.1,4.7,14.8,0.4277500000000001,0.13608257297195211,0.0,0.42774999999999996,0.4515,0.48650000000000004,0.615,0.4418750000000001,0.12976639267031612,0.0,0.44799999999999995,0.4815,0.514,0.528,1.2058823529411764,1.2401968534446932,0.0,0.4,0.9,1.8,4.1,1.6647058823529415,1.570008430101009,0.0,0.6,1.1,2.6,5.3,0.6890625,0.13226764217550213,0.5,0.56125,0.7095,0.79625,0.87,0.876470588235294,1.0053167484459224,0.0,0.2,0.5,1.0,3.3,2.1,1.9493588689617931,0.4,0.7,1.3,3.1,7.9,2.9764705882352938,2.8717436801890734,0.5,1.1,1.8,4.6,11.1,1.3647058823529412,1.878809854825186,0.0,0.4,0.9,1.0,7.7,0.5352941176470589,0.39519168840985924,0.0,0.2,0.4,0.8,1.4,0.3411764705882353,0.5038090207725191,0.0,0.1,0.2,0.4,2.1,0.9705882352941176,0.7506369844025413,0.0,0.6,0.9,1.5,2.8,1.2999999999999998,0.7842193570679061,0.0,0.7,1.4,2.0,2.5,6.647058823529412,6.151028130225346,0.0,2.2,4.9,7.7,19.4,8
CHI,2,5,3,2,3,28.0,4.375255094603872,19.0,25.5,27.0,31.5,35.0,53.93333333333333,26.361407578576102,1.0,40.5,63.0,74.0,82.0,27.333333333333332,29.528839817242755,0.0,0.0,20.0,52.5,79.0,19.933333333333337,12.18697587395581,2.0,8.3,22.4,27.7,38.7,2.86,2.1741336534024636,0.0,0.9,2.9,4.35,6.9,6.680000000000001,4.566993384211167,1.0,2.65,6.8,9.5,14.6,0.3902666666666666,0.12989471927387233,0.0,0.372,0.426,0.47200000000000003,0.556,0.44,0.5526559249918266,0.0,0.0,0.2,0.75,1.7,1.28,1.416333294108417,0.0,0.05,1.0,2.4,4.2,0.21292307692307694,0.16404494381035822,0.0,0.0,0.24600000000000002,0.35700000000000004,0.405,2.4200000000000004,2.039327620284966,0.0,0.75,2.2,3.55,6.9,5.393333333333333,4.185257573003238,0.6,1.65,5.0,7.75,14.4,0.41686666666666666,0.13002629770641821,0.0,0.3935,0.45,0.487,0.556,0.421,0.13077570766119262,0.0,0.3825,0.461,0.483,0.556,1.2800000000000002,1.0373041983911953,0.0,0.25,1.3,2.0999999999999996,3.1,1.6666666666666672,1.309670987400307,0.0,0.44999999999999996,1.6,2.55,3.8,0.7300000000000001,0.10224630894221899,0.5,0.68775,0.7409999999999999,0.8019999999999999,0.857,1.1066666666666667,1.0859272973998282,0.1,0.3,0.7,1.7999999999999998,3.9,2.4999999999999996,2.2351094572110526,0.0,1.05,1.9,2.9,7.5,3.593333333333334,3.210800226616115,0.9,1.4500000000000002,2.2,4.65,11.1,1.8800000000000001,1.654517624997864,0.0,0.35,1.4,2.7,5.2,0.5933333333333333,0.4061433010064071,0.0,0.3,0.5,1.0,1.2,0.4333333333333333,0.5715476066494082,0.0,0.1,0.2,0.4,2.1,1.1400000000000001,0.8227132810749701,0.0,0.35,1.1,1.75,2.7,1.7066666666666668,0.9587690520861085,0.0,1.1,1.5,2.55,3.2,7.4399999999999995,5.5100946323219215,0.0,2.3,8.0,10.850000000000001,16.5,11
CHO,3,5,2,3,5,26.22222222222222,4.2916547686871045,19.0,23.0,26.0,29.75,33.0,47.388888888888886,27.055800484725655,1.0,26.0,52.5,73.25,82.0,22.77777777777778,29.004169184194186,0.0,0.0,9.5,38.0,82.0,19.805555555555557,8.978567435989687,5.3,13.724999999999998,19.3,27.050000000000004,34.9,2.7388888888888885,1.7693930128682347,0.0,1.4249999999999998,2.3,4.0,6.4,6.544444444444444,4.1172838308514565,0.0,3.3499999999999996,5.6,9.549999999999999,15.2,0.41052941176470586,0.05128976219366155,0.29600000000000004,0.401,0.423,0.43200000000000005,0.505,0.4722222222222222,0.5644419998917781,0.0,0.0,0.25,0.6749999999999999,1.6,1.416666666666667,1.583462327046801,0.0,0.025,0.9500000000000001,1.95,4.2,0.233375,0.14881078589940985,0.0,0.15000000000000002,0.307,0.3335,0.387,2.266666666666667,1.493909202690161,0.0,1.4249999999999998,1.85,3.25,5.1,5.111111111111112,3.221780452024276,0.0,3.2,4.6,6.575,11.1,0.43823529411764717,0.06643279443520787,0.308,0.42100000000000004,0.433,0.462,0.583,0.44170588235294117,0.0618574618638309,0.29600000000000004,0.429,0.451,0.48200000000000004,0.524,1.4444444444444446,1.3690796488763246,0.0,0.42500000000000004,1.1,1.7750000000000001,4.8,1.927777777777778,1.6395141158122768,0.0,0.65,1.75,2.3249999999999997,5.7,0.6595882352941177,0.22083253236998662,0.0,0.521,0.728,0.8240000000000001,0.889,0.9055555555555554,0.7141199620942115,0.0,0.42500000000000004,0.7,1.3,2.4,2.411111111111111,1.5728912639164145,0.0,1.35,2.4,2.8499999999999996,5.2,3.3222222222222215,2.2185197915185424,0.0,1.75,3.05,4.55,7.3,1.611111111111111,1.3680767474553848,0.4,0.7249999999999999,1.0,1.9,5.7,0.5944444444444446,0.43042007145171185,0.0,0.32499999999999996,0.5,0.7750000000000001,2.0,0.4555555555555555,0.44221663871405326,0.0,0.125,0.45,0.6,1.8,1.0555555555555556,0.6563914024441624,0.0,0.6,1.05,1.5750000000000002,2.4,1.6555555555555557,0.5710900024073904,0.5,1.4,1.8,2.075,2.5,7.388888888888889,5.052883729805002,0.0,3.7750000000000004,6.55,10.274999999999999,17.7,29
CLE,5,3,4,3,4,24.94736842105263,3.0454644639479196,20.0,23.0,25.0,26.0,32.0,43.526315789473685,23.293700676965653,7.0,25.0,43.0,60.0,82.0,21.57894736842105,28.645953349030883,0.0,0.5,11.0,36.5,82.0,20.99473684210526,8.66983747663963,10.1,12.3,20.0,27.6,36.0,3.089473684210526,1.9683311422065435,0.6,1.4,3.0,3.9,8.2,7.247368421052633,4.139292534970014,2.3,3.6500000000000004,7.3,9.25,18.1,0.4076315789473684,0.06037678962272007,0.25,0.37950000000000006,0.41,0.4455,0.507,0.5368421052631579,0.649110952950084,0.0,0.0,0.4,0.9,1.9,1.6263157894736846,1.725251062329821,0.0,0.1,1.0,3.0,5.0,0.20149999999999998,0.17041825709982242,0.0,0.0,0.3045,0.34025,0.391,2.5526315789473686,1.762059533945885,0.6,1.05,2.3,3.55,6.4,5.6263157894736855,3.5262258869573224,1.6,2.9,4.9,7.85,13.4,0.43410526315789477,0.05187152369807769,0.33299999999999996,0.401,0.447,0.4675,0.509,0.442421052631579,0.0661583250740841,0.25,0.42,0.45299999999999996,0.483,0.52,1.4263157894736844,1.085173875091585,0.2,0.55,1.4,2.1,4.2,1.9000000000000001,1.32077418374393,0.3,0.9,1.6,2.65,4.9,0.7198947368421053,0.16123237017727693,0.33299999999999996,0.604,0.755,0.8245,1.0,1.0999999999999999,1.3723459233492603,0.1,0.4,0.6,1.05,5.5,2.5000000000000004,1.9980546094194278,0.1,1.25,2.1,3.05,8.9,3.5842105263157893,3.3228607417061475,0.3,1.5,2.7,3.8,14.4,1.905263157894737,1.4218429684394072,0.3,0.85,1.6,2.8,5.9,0.7000000000000001,0.3986086914367133,0.2,0.4,0.7,0.8,1.5,0.3368421052631579,0.28521049987643526,0.0,0.1,0.3,0.5,0.9,1.1789473684210525,0.6868437857074288,0.3,0.7,1.2,1.5,3.2,1.826315789473684,0.7672766452150083,0.6,1.15,1.9,2.3499999999999996,3.3,8.15263157894737,5.346376594485136,1.4,3.7,7.8,10.8,22.5,28
DAL,5,3,7,3,5,28.608695652173914,5.015785358924205,21.0,25.0,27.0,32.5,38.0,40.130434782608695,30.168171589857725,2.0,8.5,45.0,66.5,82.0,17.82608695652174,24.15603100660568,0.0,0.0,9.0,20.5,82.0,16.343478260869563,10.069342584253025,1.3,10.2,17.3,23.299999999999997,35.5,2.460869565217391,1.8826333419960608,0.0,1.0,1.8,4.0,6.5,5.491304347826087,3.820508419697598,0.7,2.25,4.4,8.05,13.7,0.4253478260869565,0.11519730453587884,0.0,0.368,0.449,0.5,0.597,0.4782608695652173,0.5915745720602774,0.0,0.0,0.3,0.8,2.0,1.308695652173913,1.4721391496354304,0.0,0.0,0.7,2.5,4.9,0.2671,0.19478163211793434,0.0,0.08325,0.3145,0.40625,0.667,1.9739130434782606,1.6401821936780372,0.0,0.8,1.2,3.35,5.2,4.2,3.1001466240984623,0.7,1.7999999999999998,3.2,6.449999999999999,10.8,0.445304347826087,0.11834941901098271,0.0,0.4155,0.474,0.5,0.601,0.4647391304347826,0.11958497070029872,0.0,0.441,0.5,0.5155000000000001,0.625,1.0695652173913042,0.9187119355670522,0.0,0.5,0.9,1.25,3.1,1.4086956521739133,1.0719197067446375,0.0,0.7,1.3,1.9,3.6,0.7672000000000001,0.16690892568608848,0.25,0.69,0.7909999999999999,0.865,1.0,0.5869565217391305,0.6239932603264289,0.0,0.1,0.4,0.85,2.2,2.052173913043479,1.765031435521602,0.0,0.8500000000000001,1.7,3.05,6.2,2.634782608695652,2.2398475385720857,0.0,1.05,2.0,3.8,7.8,1.4869565217391303,1.5100585021256285,0.0,0.25,0.8,2.45,5.1,0.48260869565217385,0.37616748435316016,0.0,0.15000000000000002,0.4,0.7,1.2,0.3304347826086957,0.39935719100562733,0.0,0.0,0.1,0.6,1.3,0.9260869565217391,0.7256454125963551,0.0,0.35,0.7,1.4,2.6,1.5739130434782609,0.9136427545840621,0.0,1.0,1.6,2.1,3.5,6.47391304347826,4.879942007042181,0.0,2.8,4.6,9.55,17.3,17
DEN,3,4,3,3,2,24.733333333333334,3.8815804341359033,20.0,23.0,24.0,25.5,36.0,56.0,27.43824234270743,4.0,39.5,71.0,80.0,82.0,27.333333333333332,36.29574289611596,0.0,0.5,4.0,71.0,81.0,19.673333333333332,10.713973963718509,3.7,9.4,22.4,27.15,34.7,3.286666666666667,1.8454061367416685,0.5,1.7,3.7,4.85,6.1,6.9,4.1302023471703455,0.5,3.45,6.7,10.7,13.3,0.5096666666666667,0.15033850693241124,0.33299999999999996,0.438,0.479,0.529,1.0,0.5333333333333333,0.6286796443643576,0.0,0.0,0.2,1.1,1.9,1.52,1.7432318098454787,0.0,0.0,0.8,3.05,5.1,0.29292307692307695,0.27227634905810355,0.0,0.0,0.317,0.373,1.0,2.7533333333333334,1.5188654913955946,0.5,1.4,3.5,3.75,5.0,5.373333333333333,2.9455697160958443,0.5,2.6500000000000004,6.7,7.300000000000001,10.1,0.5357999999999999,0.13970898324732023,0.364,0.4855,0.515,0.5465,1.0,0.5386666666666666,0.14046894250874037,0.33299999999999996,0.492,0.505,0.559,1.0,1.4866666666666668,1.0907839033509452,0.1,0.75,1.4,2.0,4.0,2.1333333333333333,1.4089847746651116,0.3,1.0,2.4,2.95,4.9,0.6809333333333334,0.11605076885734517,0.5,0.5825,0.69,0.769,0.84,1.0799999999999996,0.8889801540449113,0.1,0.6,0.8,1.1,3.3,2.5400000000000005,1.6906465373595136,0.1,1.5,2.2,4.15,5.9,3.626666666666666,2.4358825524897147,0.3,2.4,2.9,5.15,9.2,1.8933333333333333,2.26131019754562,0.2,0.4,1.0,2.0,6.9,0.7466666666666667,0.5026595932305149,0.1,0.4,0.5,1.0,1.7,0.4933333333333333,0.5624775127780243,0.0,0.1,0.3,0.6,2.0,1.1999999999999997,0.744503669759736,0.1,0.6499999999999999,1.1,1.5,2.6,1.7466666666666664,0.7845532547404347,0.4,1.25,1.8,2.0999999999999996,3.0,8.606666666666666,5.1154481254147735,1.3,4.45,9.1,12.55,16.7,4
DET,3,3,3,4,3,25.875,4.224926034855522,19.0,23.5,25.0,29.25,33.0,52.3125,22.82606331951847,18.0,27.75,54.5,72.75,82.0,25.625,32.33754268132733,0.0,0.0,6.0,51.5,81.0,21.812500000000004,8.24579690913296,9.0,15.475000000000001,19.75,29.325000000000003,33.2,3.20625,1.4726252069009276,1.0,2.175,3.15,4.125,6.3,7.062499999999999,3.20767309223784,1.8,4.95,6.550000000000001,8.825,13.1,0.46106249999999993,0.09177179577626234,0.355,0.40675000000000006,0.4435,0.47325,0.7170000000000001,0.6062500000000001,0.5662375826453063,0.0,0.22499999999999998,0.5,0.9,1.8,1.65,1.3769531582446806,0.0,0.8999999999999999,1.45,2.4,4.4,0.34221428571428575,0.13469519925853596,0.0,0.30125,0.3315,0.41725,0.525,2.59375,1.458066642281255,0.7,1.2750000000000001,2.55,3.3499999999999996,6.3,5.4375,3.0414634635319886,1.5,3.075,5.2,7.1499999999999995,13.0,0.48250000000000004,0.08308228852569402,0.386,0.4375,0.45799999999999996,0.5005,0.7170000000000001,0.5052499999999999,0.08381050053543412,0.38799999999999996,0.46249999999999997,0.4845,0.50625,0.7170000000000001,1.3875,0.8452810183601663,0.4,0.8250000000000001,1.25,1.7000000000000002,3.3,2.00625,1.136936673698232,0.7,1.15,1.9,2.7,4.8,0.7045624999999999,0.1679821295058892,0.297,0.672,0.7615000000000001,0.80675,0.893,0.99375,0.877472696631259,0.1,0.37500000000000006,0.7,1.3250000000000002,2.9,2.6,1.5697133496278863,0.7,1.5499999999999998,2.3499999999999996,3.0249999999999995,6.7,3.59375,2.355551952303324,0.9,1.8749999999999998,3.05,4.15,9.6,1.9812500000000002,1.7863253716311966,0.4,0.8,0.95,3.525,6.6,0.63125,0.3198306843732581,0.2,0.4,0.6499999999999999,0.8,1.3,0.41875,0.4490267252625394,0.1,0.1,0.25,0.525,1.6,1.2500000000000002,0.7694153624668538,0.4,0.6,1.05,1.8,2.9,1.85625,0.4912144813283365,1.0,1.475,1.9,2.3,2.6,8.40625,3.690613092698827,2.9,5.8999999999999995,7.800000000000001,11.525,16.0,23
GSW,4,3,1,4,4,25.125,3.5,20.0,22.75,24.0,28.25,32.0,57.0625,28.24527984165378,2.0,43.25,69.5,79.0,82.0,25.625,34.55599320908989,0.0,0.0,3.0,50.25,82.0,18.2125,12.318001731882761,3.2,8.525,13.9,26.474999999999998,38.2,2.8062500000000004,2.658688586502752,0.0,0.7,1.85,4.225,8.0,6.05625,5.646706267078771,0.2,1.8749999999999998,3.9,8.55,17.8,0.425375,0.13718448648930145,0.0,0.41025,0.445,0.461,0.667,0.525,1.036982802814653,0.0,0.0,0.0,0.375,3.5,1.3625,2.355100847097636,0.0,0.0,0.35,1.2,7.7,0.3553333333333333,0.2577335951338243,0.0,0.27275,0.346,0.41625,1.0,2.2875,2.0899362031730377,0.0,0.6499999999999999,1.75,3.6750000000000003,7.6,4.68125,4.140888592238788,0.2,1.5250000000000001,2.95,7.625000000000001,14.6,0.4493125,0.16419326772637988,0.0,0.4155,0.4485,0.48725000000000007,0.857,0.4506875,0.1414150952574253,0.0,0.4245,0.47850000000000004,0.5115000000000001,0.667,1.24375,1.103913492987562,0.1,0.5499999999999999,0.6499999999999999,1.875,3.4,1.6,1.2559193180030845,0.2,0.7,1.1,2.3499999999999996,4.1,0.6927499999999999,0.15815583032777092,0.308,0.5995,0.7335,0.81725,0.9,0.8125000000000001,0.898795490272027,0.0,0.1,0.5,1.05,2.8,2.6062499999999997,2.1535919607328897,0.3,0.9,2.4000000000000004,3.3499999999999996,8.5,3.4187500000000006,2.941251151012666,0.4,0.975,3.2,4.025,11.2,1.6687500000000002,2.011871019722686,0.1,0.4,0.75,2.125,6.9,0.48749999999999993,0.4145278438577237,0.0,0.27499999999999997,0.35,0.6499999999999999,1.6,0.36874999999999997,0.44078528408587625,0.0,0.1,0.2,0.42500000000000004,1.7,1.1312499999999999,0.8942175350550894,0.2,0.37500000000000006,0.9500000000000001,1.6,3.1,1.7249999999999999,0.9705668446840743,0.2,0.7250000000000001,1.95,2.5,3.1,7.375,7.093612149908771,0.5,1.925,4.45,11.325000000000001,22.9,10
HOU,4,5,5,3,3,24.3,2.735728518386974,21.0,22.75,24.0,25.25,31.0,41.85,27.094911155534646,3.0,18.75,42.5,67.75,82.0,20.5,31.611956432237537,0.0,0.0,3.5,22.25,82.0,17.974999999999998,10.494102353728323,3.5,10.524999999999999,16.65,25.375,38.3,2.7399999999999998,1.932110926313225,0.3,1.3749999999999998,2.3,3.7750000000000004,7.5,6.080000000000001,4.173298581773365,1.0,3.6500000000000004,4.85,7.95,17.1,0.44609999999999994,0.07414984828035726,0.308,0.40575,0.4395,0.4895,0.62,0.795,0.7897201369705866,0.0,0.0,0.6499999999999999,1.25,2.4,2.185,2.049460776322448,0.0,0.17500000000000002,1.9,3.3749999999999996,6.3,0.2712777777777778,0.15354355793391836,0.0,0.26875000000000004,0.352,0.375,0.386,1.9599999999999997,1.4985607129930758,0.3,0.8,1.65,2.75,5.2,3.8999999999999995,2.84993074708104,0.8,1.7000000000000002,3.4,4.875,10.9,0.4882999999999999,0.08406019146702966,0.33299999999999996,0.46025000000000005,0.482,0.55925,0.623,0.5016,0.06466219915839548,0.33299999999999996,0.4835,0.508,0.5365,0.62,1.21,1.855546450935397,0.0,0.3,0.75,1.2,8.6,1.65,2.2418272622314617,0.0,0.37500000000000006,1.0,1.9249999999999998,10.2,0.7474736842105264,0.16488392160043738,0.42100000000000004,0.64,0.765,0.857,1.0,0.86,0.81589473005181,0.0,0.3,0.65,1.275,3.4,2.28,1.8608430460695131,0.1,1.2750000000000001,1.75,3.0,8.3,3.1400000000000006,2.573017888128953,0.2,1.675,2.85,4.225,11.7,1.6349999999999998,1.6974516503462354,0.2,0.6749999999999999,0.95,1.9249999999999998,6.1,0.6450000000000001,0.45822885571570704,0.1,0.3,0.55,0.8250000000000001,1.8,0.365,0.3030980386815982,0.0,0.1,0.35,0.5,1.1,1.23,0.857843072386847,0.4,0.6749999999999999,1.05,1.3,3.8,1.555,0.7749193506423748,0.0,1.0250000000000001,1.7,2.125,2.7,7.514999999999999,5.964921581520096,1.0,3.85,5.85,10.225,25.9,12
IND,3,3,3,4,3,25.8125,2.535580144003866,22.0,24.75,26.0,27.0,32.0,54.6875,28.602374610044762,2.0,34.75,66.5,78.25,81.0,25.3125,35.281191873291355,0.0,0.0,4.0,72.25,79.0,18.574999999999996,10.762001053087975,3.9,11.575,16.3,28.825,37.6,2.5999999999999996,2.117545749210628,0.0,1.2999999999999998,1.95,3.85,6.9,6.249999999999999,4.411046738964951,1.5,3.1999999999999997,4.55,8.5,14.9,0.37512500000000004,0.12278863953965773,0.0,0.34574999999999995,0.4095,0.4492499999999999,0.498,0.525,0.6618156843109718,0.0,0.0,0.25,0.8250000000000001,2.2,1.53125,1.805073867371268,0.0,0.07500000000000001,0.8500000000000001,2.425,5.9,0.2742857142857143,0.13923164349188208,0.0,0.22075,0.311,0.35975,0.5,2.093749999999999,1.889080464141218,0.0,0.6499999999999999,1.6,2.8750000000000004,6.8,4.70625,3.710789448801068,0.8,1.65,4.0,5.675,13.6,0.3985,0.12869654230009445,0.0,0.39175000000000004,0.43699999999999994,0.46375,0.52,0.41525,0.13336741231150384,0.0,0.42400000000000004,0.45099999999999996,0.49400000000000005,0.518,1.3125,1.010527914837916,0.0,0.575,1.0,2.1500000000000004,3.3,1.8125000000000004,1.2414373390013154,0.3,0.95,1.4,2.8,4.3,0.6919375,0.2078106409691284,0.0,0.64525,0.7455,0.8017500000000001,0.9129999999999999,1.0,0.9092121131323904,0.1,0.5,0.6,1.175,3.7,2.4687500000000004,1.8002661840220555,0.5,1.125,1.9,3.1500000000000004,6.5,3.4687500000000004,2.4572935654224684,0.6,1.75,2.5999999999999996,4.074999999999999,8.3,1.4875,1.4347473645210156,0.1,0.475,0.8,2.375,4.7,0.5250000000000001,0.4739901546094251,0.0,0.27499999999999997,0.4,0.625,1.8,0.44375000000000003,0.6313675633099947,0.0,0.17500000000000002,0.2,0.45000000000000007,2.6,1.09375,0.77068692303252,0.0,0.6,0.9,1.4249999999999998,2.9,1.5187500000000003,0.9311059732024778,0.0,0.95,1.2,2.025,3.5,7.0062500000000005,5.468512137684254,0.0,3.625,5.2,9.575000000000001,17.4,9
LAC,3,3,3,3,3,29.133333333333333,5.343442799579776,21.0,24.5,30.0,32.0,40.0,58.666666666666664,28.699593493056074,2.0,44.5,72.0,79.0,82.0,27.333333333333332,34.999319721280024,0.0,0.0,4.0,65.0,82.0,19.45333333333333,9.068853027703957,3.5,13.1,19.7,25.1,33.4,3.0399999999999996,2.058015687848023,0.5,1.25,2.5,3.9,7.2,6.500000000000001,4.103830962823465,1.5,3.05,6.0,8.8,13.4,0.45919999999999994,0.09434299126061246,0.25,0.41300000000000003,0.445,0.493,0.643,0.6466666666666666,0.7079817054402572,0.0,0.05,0.3,1.25,2.0,1.8066666666666664,1.8717702341697309,0.0,0.2,1.0,3.6999999999999997,5.2,0.32827272727272727,0.08001011299715918,0.179,0.3005,0.342,0.382,0.428,2.3933333333333326,1.8629725351348225,0.5,1.05,1.6,3.3499999999999996,7.2,4.7,3.3226495451672293,1.5,1.95,3.4,6.2,13.1,0.49226666666666663,0.09289892100454947,0.25,0.45899999999999996,0.486,0.5429999999999999,0.643,0.5017333333333333,0.09262556471134327,0.25,0.4865,0.513,0.5425,0.643,1.353333333333333,1.2328055498778077,0.0,0.45,1.1,1.7,4.1,1.8533333333333333,1.5624461895496098,0.0,0.75,1.5,2.6,5.3,0.7143571428571429,0.1988964195612523,0.365,0.60225,0.7470000000000001,0.8614999999999999,1.0,0.8200000000000001,0.8055166930965135,0.0,0.2,0.7,1.2,2.6,2.353333333333333,1.5990473354320633,0.3,1.4,1.6,3.1,6.0,3.1799999999999997,2.352870587176439,0.3,1.6,2.3,4.15,8.3,1.9866666666666666,2.374527521925352,0.2,0.65,1.2,2.35,9.7,0.7533333333333334,0.6010308604706545,0.0,0.4,0.6,1.0,2.4,0.4066666666666667,0.3972524686009185,0.0,0.1,0.2,0.6499999999999999,1.4,1.0933333333333333,0.7126075524505222,0.0,0.55,1.0,1.5,2.3,1.686666666666667,0.804333501075506,0.0,1.25,1.5,2.25,2.9,8.06,5.573508769168664,1.0,3.3499999999999996,8.4,10.350000000000001,18.0,5
LAL,2,4,4,2,4,28.25,5.259911279353167,22.0,23.75,26.0,32.25,38.0,47.8125,25.6104633564747,1.0,31.25,48.5,75.25,78.0,25.625,28.241517900660604,0.0,3.0,11.5,44.0,78.0,21.150000000000002,11.644168783844842,1.5,13.249999999999998,21.4,32.8,38.6,3.05625,2.545576228152151,0.0,1.225,2.6500000000000004,4.4750000000000005,9.5,6.90625,4.983501948095,1.0,3.5249999999999995,6.25,9.8,20.4,0.3806874999999999,0.16028130219502626,0.0,0.38025,0.4125,0.46449999999999997,0.578,0.7062499999999999,0.6971071175460293,0.0,0.0,0.55,1.225,1.9,2.00625,1.9003398818807824,0.0,0.24999999999999997,1.6,3.2750000000000004,5.5,0.28807142857142853,0.1384115737077783,0.0,0.27625,0.3395,0.3625,0.43799999999999994,2.35,2.3214937719781488,0.0,0.8250000000000001,1.7,2.9250000000000003,7.8,4.925,4.175404172053287,0.7,2.1500000000000004,3.6,5.85,15.2,0.40618750000000003,0.16926201335995822,0.0,0.39525,0.4525,0.50475,0.581,0.43074999999999997,0.1776605377304332,0.0,0.43275,0.49250000000000005,0.52125,0.579,1.525,1.8306647244466514,0.0,0.425,1.0,1.7999999999999998,6.7,2.1874999999999996,2.7562958235041948,0.0,0.5999999999999999,1.25,2.3,9.5,0.7095,0.13242864551843062,0.462,0.6507499999999999,0.6995,0.7822499999999999,0.922,1.1,0.9444575162494074,0.2,0.5,0.65,1.4,3.3,2.8499999999999996,2.365022903342235,0.0,1.0999999999999999,2.4,3.725,9.1,3.96875,3.169378225036156,1.0,1.425,2.8499999999999996,5.525,12.4,2.0062499999999996,2.097130976675833,0.0,0.475,1.25,3.125,6.7,0.5625000000000001,0.47451729859581165,0.0,0.27499999999999997,0.45,0.7249999999999999,1.6,0.4312499999999999,0.6257994886543132,0.0,0.07500000000000001,0.2,0.625,2.4,1.25625,1.0589106037181168,0.0,0.6749999999999999,0.9,1.5749999999999997,3.7,1.5625,0.9054464828654056,0.0,1.2,1.5,1.9,3.8,8.3375,7.1559648778717,0.0,3.275,7.3,12.475000000000001,27.3,13
MEM,4,4,4,5,3,25.5,3.6490806340343056,19.0,23.75,24.5,27.25,32.0,41.9,26.826734505163433,7.0,17.5,38.5,63.25,80.0,20.5,31.93991068767792,0.0,0.0,2.5,37.5,80.0,18.425,11.19515285149877,2.9,9.899999999999999,15.75,27.95,36.7,2.6600000000000006,1.9621148633151182,0.1,1.275,2.1500000000000004,3.6750000000000003,6.7,6.1099999999999985,4.366487206704698,0.9,2.875,5.05,8.35,16.4,0.4224,0.09146434450532881,0.16699999999999998,0.40775,0.429,0.45325,0.625,0.40499999999999997,0.4536112409263431,0.0,0.0,0.1,0.8250000000000001,1.3,1.1800000000000004,1.217244515504718,0.0,0.17500000000000002,0.55,2.3249999999999997,3.7,0.2926250000000001,0.11840713660924329,0.071,0.22925,0.33899999999999997,0.37324999999999997,0.423,2.2600000000000007,1.8983094972549712,0.1,0.7750000000000001,1.65,3.525,6.2,4.935,4.064904349233947,0.9,1.6,3.3,7.85,13.3,0.45575,0.1126180667005451,0.16699999999999998,0.426,0.45899999999999996,0.503,0.7140000000000001,0.4602999999999999,0.10387193532118491,0.16699999999999998,0.43674999999999997,0.4685,0.51475,0.625,1.15,1.0689394645850476,0.0,0.4,0.8,1.4000000000000001,3.4,1.535,1.281559494070449,0.2,0.475,1.05,1.9500000000000002,4.0,0.67775,0.2006586194982597,0.0,0.589,0.7170000000000001,0.7977500000000001,0.938,0.9549999999999998,0.9843378752397871,0.0,0.37500000000000006,0.6499999999999999,1.35,4.1,2.1900000000000004,1.8654475969166504,0.1,0.8,1.7,2.9499999999999997,7.2,3.1350000000000002,2.7557165464195563,0.1,1.3,2.2,4.45,11.2,1.4249999999999998,1.5443871208176296,0.0,0.37500000000000006,1.05,1.6249999999999998,6.1,0.595,0.5491380806126519,0.0,0.2,0.4,0.7249999999999999,2.2,0.4,0.45768295162757183,0.0,0.0,0.3,0.6,1.7,0.9799999999999999,0.7208182484984831,0.1,0.5,0.7,1.275,2.5,1.5900000000000003,0.781967828117325,0.5,1.0,1.4500000000000002,2.125,3.2,6.864999999999999,5.008337784976274,0.3,3.35,5.8,8.825000000000001,17.2,6
MIA,5,5,2,3,3,29.77777777777778,4.784233364802442,23.0,25.25,30.5,32.75,39.0,49.44444444444444,29.860897552055917,4.0,15.5,60.5,74.75,80.0,22.77777777777778,31.51387286587505,0.0,0.0,3.5,49.25,77.0,17.011111111111113,11.382385198650478,3.0,6.175,15.100000000000001,25.55,37.9,2.6277777777777778,2.8290105432102526,0.1,0.7249999999999999,1.7,2.7249999999999996,10.1,5.311111111111111,5.139797305329198,0.4,1.525,3.5999999999999996,6.500000000000001,17.8,0.4605555555555555,0.09233584621766364,0.25,0.42025,0.4465,0.52475,0.6,0.5722222222222222,0.6951982836534993,0.0,0.0,0.25,1.125,1.9,1.4888888888888887,1.6091243102233073,0.0,0.025,1.0,2.85,4.4,0.3490769230769231,0.15395857751273095,0.0,0.284,0.389,0.41700000000000004,0.667,2.0444444444444443,2.687929932171119,0.1,0.5,1.15,1.7750000000000001,8.7,3.8333333333333335,4.690541170332932,0.2,0.925,2.4000000000000004,3.825,14.9,0.5037222222222223,0.11275940318455019,0.28600000000000003,0.44475,0.5145,0.5705,0.75,0.514,0.092676540593996,0.25,0.5035000000000001,0.527,0.5775,0.608,1.1833333333333333,1.590135029412504,0.0,0.125,0.45,1.425,5.3,1.5666666666666667,2.1007001633909086,0.0,0.22500000000000003,0.7,1.875,7.0,0.7214375000000001,0.13180337312325002,0.5,0.643,0.726,0.7957500000000001,1.0,0.6611111111111111,0.5435600393147654,0.0,0.22500000000000003,0.5,1.15,1.8,2.2,1.716357291749354,0.6,0.8750000000000001,1.85,2.6250000000000004,6.8,2.8722222222222222,2.128464112247182,0.6,1.375,2.2,3.75,8.0,1.5277777777777777,1.9613337465509222,0.0,0.3,0.7,1.7,7.3,0.5666666666666668,0.5940885257860046,0.0,0.125,0.4,0.7750000000000001,1.9,0.4111111111111111,0.41286500982750923,0.0,0.125,0.2,0.7750000000000001,1.4,0.9888888888888887,0.8115989221638458,0.1,0.525,0.6,1.3,3.0,1.4555555555555555,0.6705767686211467,0.4,1.025,1.35,2.075,2.5,6.999999999999999,7.431807633805006,0.3,1.6250000000000002,4.85,8.1,26.8,1
MIL,6,2,2,4,4,26.72222222222222,4.055577938876364,20.0,24.0,26.5,30.75,33.0,47.666666666666664,25.938842098516364,12.0,24.25,52.5,72.5,82.0,22.77777777777778,28.430628793517236,0.0,0.25,9.0,42.0,82.0,19.483333333333334,9.351706355778388,5.7,12.424999999999999,17.85,26.950000000000003,37.5,2.9722222222222223,1.8742231506148497,0.1,1.6,2.6,4.1499999999999995,7.3,6.8166666666666655,4.466641059335435,0.3,3.8749999999999996,5.65,8.45,17.5,0.42861111111111105,0.08005669967840726,0.25,0.396,0.4255,0.47174999999999995,0.595,0.538888888888889,0.7171339106133764,0.0,0.0,0.25,0.9,2.2,1.5333333333333337,1.9697715603592207,0.0,0.0,0.6499999999999999,2.5,5.8,0.30806249999999996,0.23524411965728992,0.0,0.2375,0.3025,0.38125,1.0,2.438888888888889,1.4336866869507678,0.1,1.525,2.25,2.8249999999999997,6.1,5.294444444444444,3.0652650249534075,0.3,3.5,4.75,5.775,13.5,0.44555555555555565,0.08094095322206635,0.25,0.40225,0.4545,0.48975,0.595,0.4576666666666667,0.08249848483457135,0.25,0.42225,0.475,0.505,0.595,1.1111111111111112,0.943640565225907,0.0,0.625,0.8500000000000001,1.3499999999999999,3.5,1.572222222222222,1.1276240276406042,0.0,0.9,1.4,2.125,4.6,0.6437647058823529,0.2532124921414238,0.0,0.5710000000000001,0.727,0.7959999999999999,0.9179999999999999,1.0611111111111111,0.8684935496315641,0.1,0.4,0.75,1.65,3.2,2.505555555555555,1.4964555071793215,0.6,1.4499999999999997,2.05,3.3,6.3,3.5777777777777775,2.2680791446807906,0.7,1.9249999999999998,3.2,4.625,9.5,1.772222222222222,1.8403342265358966,0.3,0.525,1.05,1.9,6.5,0.6444444444444444,0.5008489524822972,0.1,0.3,0.5,0.7750000000000001,2.1,0.5111111111111111,0.6524964628156447,0.0,0.2,0.3,0.5,2.8,1.0888888888888888,0.6961143321313624,0.3,0.625,0.9,1.2,3.1,1.6166666666666667,0.6252058484540723,0.8,1.2249999999999999,1.5499999999999998,1.9,3.3,7.605555555555556,5.177266167324243,0.2,4.3,6.35,10.325,19.2,18
MIN,3,4,3,5,4,26.736842105263158,3.313978898597708,21.0,24.0,27.0,29.5,32.0,43.0,30.120129850686602,4.0,17.0,36.0,75.0,82.0,21.57894736842105,26.397213214600438,0.0,1.5,12.0,33.0,82.0,21.152631578947368,8.815728899154728,5.0,16.9,23.1,27.4,34.3,2.9684210526315797,1.7317469123463316,0.0,1.75,3.1,4.3,6.2,7.21578947368421,3.878754547803362,1.9,3.8,8.2,9.45,16.6,0.3986842105263158,0.13392537417514733,0.0,0.364,0.414,0.4625,0.64,0.4526315789473685,0.4635232477121192,0.0,0.0,0.5,0.8,1.3,1.7263157894736845,1.4962330868859965,0.0,0.45,1.5,2.55,5.1,0.22406666666666666,0.142819299749552,0.0,0.1085,0.295,0.317,0.34600000000000003,2.5263157894736845,1.5419475799070752,0.0,1.6,2.3,3.6,6.2,5.484210526315789,3.094307166734625,1.5,2.9,5.2,7.35,12.0,0.4411052631578947,0.13517309673848324,0.0,0.4085,0.457,0.49250000000000005,0.644,0.42568421052631583,0.1408403558925964,0.0,0.386,0.457,0.48750000000000004,0.64,1.689473684210526,1.429411198455156,0.2,0.7,1.4,2.1,5.6,2.31578947368421,1.8983218196591831,0.5,1.1,1.8,2.75,7.9,0.7006842105263158,0.16597357642159621,0.2,0.634,0.72,0.776,1.0,1.1105263157894738,0.9893290301131173,0.0,0.55,0.8,1.2,3.7,2.7894736842105265,2.21783045560849,0.0,1.6,2.3,3.25,10.4,3.905263157894737,3.092549053632425,0.3,2.4,2.8,4.55,14.0,1.894736842105263,1.9690589078176761,0.0,0.5,0.9,3.25,7.3,0.7421052631578946,0.5210201419370402,0.0,0.45,0.6,0.8500000000000001,2.4,0.3947368421052632,0.35974324827349097,0.0,0.1,0.3,0.5,1.2,1.1736842105263157,0.8040467822646736,0.0,0.6,1.0,1.75,3.0,1.6105263157894738,0.5675431817561503,0.3,1.3,1.6,1.9,2.5,8.1,4.898072183125838,0.3,4.45,8.6,11.4,18.3,22
NOP,3,4,3,5,4,24.736842105263158,3.4615684509122273,19.0,22.0,24.0,26.5,32.0,46.78947368421053,29.673368058409288,1.0,15.5,52.0,72.5,82.0,21.57894736842105,29.481285569500006,0.0,0.0,5.0,33.0,82.0,17.721052631578942,9.812156799227761,2.0,11.25,17.0,26.6,34.4,2.5105263157894733,2.009393146876303,0.0,1.0,1.9,4.0,5.8,5.636842105263158,4.490262368765424,0.0,2.05,4.4,7.75,13.9,0.44122222222222224,0.10805203297516137,0.105,0.41175,0.431,0.4975,0.667,0.41578947368421054,0.6849680916288785,0.0,0.0,0.0,0.65,2.6,1.1631578947368422,1.8436710137705,0.0,0.0,0.2,1.7,6.9,0.2619166666666667,0.16613874723655928,0.0,0.15825,0.334,0.383,0.415,2.1105263157894734,1.6989849050542913,0.0,1.0,1.2,3.25,5.5,4.473684210526316,3.4164377330233506,0.0,1.9,3.0,6.75,10.5,0.4552222222222222,0.09559138255251177,0.16699999999999998,0.429,0.457,0.499,0.667,0.46927777777777785,0.10831099317165392,0.105,0.43424999999999997,0.4845,0.51425,0.667,1.2,1.1234866364235145,0.0,0.30000000000000004,1.0,1.7999999999999998,4.5,1.5263157894736843,1.3370124678481075,0.0,0.4,1.8,2.0,5.3,0.7541764705882353,0.16742880400864335,0.5,0.63,0.778,0.8440000000000001,1.0,0.8842105263157896,0.9136393391843759,0.0,0.2,0.6,1.3,2.8,2.1,1.6950909513454826,0.0,1.25,1.6,2.65,5.9,2.9631578947368418,2.43406621984142,0.0,1.4,1.9,3.95,8.2,1.4210526315789473,2.0389482439533544,0.0,0.35,0.8,1.2999999999999998,9.0,0.5368421052631579,0.3832761208258631,0.0,0.3,0.4,0.8500000000000001,1.2,0.37894736842105264,0.5223652908415944,0.0,0.1,0.2,0.35,1.8,1.0157894736842106,0.8227752210218082,0.0,0.45,0.9,1.25,3.2,1.5315789473684207,0.7341303483857976,0.0,1.35,1.5,2.0,2.5,6.610526315789474,5.368932724153957,0.0,2.3499999999999996,5.3,9.75,17.0,26
NYK,4,6,2,4,3,31.31578947368421,4.888224303579497,22.0,28.0,30.0,35.0,40.0,45.0,27.938424357067017,1.0,22.5,46.0,67.5,81.0,21.57894736842105,25.03844996416885,0.0,1.0,13.0,39.5,68.0,22.226315789473688,9.63234378454308,7.6,14.75,22.1,30.9,37.0,3.0736842105263156,2.4928435582378516,0.0,1.25,2.4,4.45,10.0,7.373684210526315,5.581501401481222,0.5,3.3,6.1,10.1,22.2,0.4066315789473684,0.15417133705585692,0.0,0.369,0.42200000000000004,0.46699999999999997,0.638,0.763157894736842,0.7631881421712979,0.0,0.0,0.7,1.25,2.3,2.136842105263158,2.107713486304739,0.0,0.0,1.7,3.9,6.2,0.4084615384615385,0.18420442239742574,0.25,0.341,0.36,0.402,1.0,2.3000000000000003,2.2063040991163883,0.0,0.6,1.3,4.05,7.6,5.242105263157894,4.58249274588426,0.5,1.7000000000000002,3.5,8.1,16.0,0.4225263157894737,0.17086621420835288,0.0,0.37950000000000006,0.455,0.525,0.638,0.46047368421052637,0.16101668941139563,0.0,0.447,0.491,0.5660000000000001,0.638,1.3578947368421053,1.582303450835621,0.0,0.3,0.8,1.75,6.3,1.8421052631578945,1.9253616657292334,0.0,0.5,1.0,2.1,7.6,0.6959444444444444,0.184793516636406,0.41,0.5197499999999999,0.7605,0.8244999999999999,1.0,1.510526315789474,1.6934169063504267,0.1,0.55,0.7,1.95,6.0,3.289473684210526,2.6280315271324923,0.8,1.6,2.3,4.05,12.0,4.805263157894736,4.187477851909657,0.8,2.1500000000000004,3.3,5.3,18.0,1.4315789473684208,1.4228502816447723,0.0,0.45,0.9,2.3,5.5,0.605263157894737,0.48359037327350407,0.0,0.3,0.6,0.9,1.6,0.4157894736842106,0.33872827178324394,0.0,0.15000000000000002,0.3,0.6499999999999999,1.1,1.094736842105263,0.7191613048935129,0.1,0.55,1.0,1.6,2.6,1.8473684210526313,0.8701011569879751,0.6,1.2,1.6,2.5,3.6,8.273684210526316,6.837628089823022,0.0,3.55,6.8,10.7,28.7,7
OKC,4,1,3,4,4,25.75,4.568004670166906,20.0,22.75,24.5,28.0,38.0,55.25,27.128091221708416,13.0,33.75,68.0,80.25,82.0,25.625,38.16259075761673,0.0,0.0,1.0,78.5,82.0,18.406249999999996,10.817792057531888,6.4,9.575,14.3,27.55,38.5,2.70625,2.706897055055228,0.4,1.0,1.55,3.2249999999999996,9.0,5.8375,5.478914125992485,1.2,2.45,3.85,6.7749999999999995,18.7,0.4455625,0.09840390828959318,0.261,0.38375,0.4535,0.48825,0.604,0.55,0.6723094525588645,0.0,0.0,0.3,0.9000000000000001,2.1,1.49375,1.635631886050974,0.0,0.07500000000000001,0.95,2.5999999999999996,4.8,0.26507142857142857,0.15743250777871293,0.0,0.20775000000000002,0.3245,0.36375,0.426,2.175,2.2869193252058544,0.4,0.6749999999999999,1.2,2.2750000000000004,7.3,4.362500000000001,4.382369982859351,0.7,1.6749999999999998,2.6,4.325,15.1,0.46912500000000007,0.10771435992166194,0.278,0.40025,0.46900000000000003,0.56,0.604,0.48806249999999995,0.09263582370407969,0.28300000000000003,0.43324999999999997,0.4825,0.56575,0.604,1.5437499999999997,2.28822165301645,0.0,0.5,0.6499999999999999,0.9749999999999999,8.4,1.9000000000000001,2.594609797252758,0.0,0.6,0.9,1.5750000000000002,9.3,0.7621333333333333,0.15034050241590474,0.5,0.639,0.8,0.8645,1.0,0.8125,0.7116881339463234,0.1,0.3,0.6499999999999999,1.1,2.8,2.4625,1.8927493230747698,0.4,1.0,1.9,3.3750000000000004,7.3,3.2875,2.345456600891747,0.5,1.5500000000000003,2.65,4.375,7.9,1.5500000000000003,1.905080925665189,0.2,0.37500000000000006,1.0499999999999998,1.55,7.4,0.65,0.4760952285695233,0.1,0.37500000000000006,0.55,0.6749999999999999,1.8,0.525,0.7724420150837644,0.0,0.1,0.2,0.6,3.0,1.0750000000000002,0.9929753269845129,0.3,0.4,0.8,1.3250000000000002,3.5,1.54375,0.8437762341600605,0.4,0.7500000000000001,1.55,2.225,2.9,7.51875,8.073431220160773,0.9,2.475,4.15,9.0,28.1,2
ORL,4,4,3,4,3,25.27777777777778,4.169998667732267,19.0,22.0,24.5,27.75,33.0,47.0,22.202278632396904,10.0,28.75,46.5,63.75,77.0,22.77777777777778,24.924723269584348,0.0,3.0,14.0,31.75,77.0,22.316666666666663,9.703804590438317,10.5,12.849999999999998,19.799999999999997,31.45,36.1,3.411111111111111,2.052226592491215,1.1,1.525,3.3,5.425,6.7,7.816666666666667,4.423101121318816,2.8,3.55,6.95,11.575,14.7,0.42877777777777787,0.07112917458486484,0.264,0.393,0.4375,0.45899999999999996,0.536,0.588888888888889,0.7152859476657601,0.0,0.025,0.4,0.875,2.3,1.8888888888888893,1.9721260217723495,0.0,0.2,1.4,2.9,6.3,0.2460625,0.15266716248099982,0.0,0.18675,0.287,0.34025,0.47600000000000003,2.8166666666666664,1.839197395285109,0.7,1.25,2.55,3.375,6.3,5.938888888888888,3.723555999450761,2.0,2.8249999999999997,5.449999999999999,7.424999999999999,14.0,0.4634444444444444,0.054390983489612695,0.354,0.436,0.45999999999999996,0.513,0.536,0.46361111111111103,0.0662944757603518,0.27399999999999997,0.44899999999999995,0.47050000000000003,0.507,0.551,1.188888888888889,0.9827266323789784,0.1,0.5,0.8,2.0500000000000003,3.0,1.5833333333333337,1.1808521349880696,0.2,0.8,1.1,2.4000000000000004,4.1,0.7023888888888887,0.13642586389636416,0.429,0.6407499999999999,0.7195,0.79775,0.8909999999999999,0.9333333333333331,0.8345481341632094,0.2,0.4,0.6,1.0750000000000002,3.5,2.9111111111111114,1.9658522740528326,1.0,1.775,2.3,3.175,8.4,3.8499999999999996,2.7399549159021706,1.2,2.3249999999999997,3.3,3.7,11.9,2.261111111111111,1.9415393798217675,0.3,0.925,1.7999999999999998,2.5500000000000003,7.4,0.6055555555555556,0.336892760424061,0.2,0.3,0.6,0.875,1.3,0.3722222222222222,0.3722831868911488,0.0,0.1,0.3,0.475,1.4,1.3166666666666669,0.7014690467364983,0.4,0.7249999999999999,1.1,1.8749999999999998,2.8,1.822222222222222,0.7479820346659447,0.4,1.4499999999999997,1.85,2.0500000000000003,3.3,8.594444444444443,5.3564114657902895,2.4,3.7500000000000004,7.8,14.299999999999999,17.3,30
PHI,3,2,3,2,7,25.529411764705884,3.842486939776496,21.0,23.0,24.0,27.0,33.0,47.705882352941174,29.33803995217291,4.0,21.0,53.0,78.0,82.0,24.11764705882353,29.25722635722066,0.0,1.0,11.0,37.0,82.0,19.90588235294118,10.185189651415142,1.8,12.5,18.0,27.2,37.5,2.8999999999999995,2.0745481435724744,0.3,1.2,2.4,4.1,7.1,6.699999999999999,4.504719747109692,0.5,3.2,5.3,9.9,16.5,0.4286470588235294,0.07380289728092539,0.264,0.396,0.431,0.45899999999999996,0.5820000000000001,0.5352941176470589,0.5978515456099743,0.0,0.0,0.4,0.7,1.7,1.5647058823529412,1.6454259237620623,0.0,0.1,1.2,1.9,5.1,0.27864285714285725,0.14335625721787132,0.0,0.21250000000000002,0.34850000000000003,0.36725,0.42,2.3588235294117648,1.9144381759178761,0.3,1.2,1.7,2.6,6.7,5.147058823529412,3.9362287863923164,0.3,2.9,3.6,5.7,13.3,0.47423529411764703,0.15042503507219332,0.298,0.428,0.449,0.47700000000000004,1.0,0.4660588235294118,0.06980998369523812,0.299,0.446,0.48200000000000004,0.5,0.5820000000000001,0.9529411764705882,0.6911201478929184,0.0,0.4,0.7,1.5,2.3,1.3411764705882354,0.9014286047223954,0.0,0.7,1.0,1.9,3.1,0.683625,0.13508361608031275,0.368,0.598,0.7285,0.7582500000000001,0.867,0.7999999999999998,0.7810249675906654,0.0,0.3,0.5,1.1,2.4,2.3352941176470585,1.73599437516031,0.0,1.1,1.8,3.3,5.6,3.129411764705883,2.3422117501099127,0.0,1.2,3.1,4.2,7.5,1.811764705882353,1.8573779747742436,0.2,0.9,1.5,1.9,8.0,0.6,0.51478150704935,0.0,0.3,0.4,0.8,1.8,0.3764705882352941,0.3597384670922507,0.0,0.1,0.3,0.5,1.4,1.0058823529411767,0.8576644071512574,0.2,0.5,0.8,1.0,3.7,1.4941176470588236,0.7570259145459405,0.3,0.9,1.4,2.2,2.8,7.258823529411765,5.023452351661332,0.5,3.2,5.8,10.6,17.7,19
PHO,4,2,4,4,2,26.25,3.2761766334148303,21.0,24.0,26.5,27.0,34.0,54.25,24.46357837003137,16.0,40.25,57.0,77.5,82.0,25.625,26.547755711798565,0.0,2.75,20.5,46.25,77.0,20.03125,7.947386887105305,3.6,15.725000000000001,19.9,24.799999999999997,33.5,3.01875,1.5162316225871735,0.6,1.9,3.2,4.1,5.3,6.91875,3.158104653110786,1.6,4.950000000000001,7.300000000000001,9.4,11.8,0.42418750000000005,0.05320804293838792,0.327,0.399,0.4135,0.469,0.521,0.48125,0.4277362894744066,0.0,0.07500000000000001,0.5,0.7499999999999999,1.3,1.4937500000000001,1.2471133335293416,0.0,0.27499999999999997,1.55,2.425,3.6,0.2760714285714286,0.10104794314179194,0.0,0.21925,0.3135,0.32199999999999995,0.391,2.53125,1.4517661657443324,0.5,1.475,2.5,3.425,5.2,5.40625,2.8917050910031152,1.3,3.4250000000000003,4.9,7.5249999999999995,11.0,0.45356250000000004,0.04723412431706553,0.381,0.42525,0.45999999999999996,0.48575000000000007,0.524,0.4600625000000001,0.04860928409265045,0.35700000000000004,0.44575,0.46349999999999997,0.48425000000000007,0.547,1.1625,0.8204673464962922,0.0,0.6499999999999999,1.05,1.6250000000000002,3.2,1.6187500000000001,1.0387291915284431,0.0,1.0,1.6,2.1,4.2,0.6908666666666667,0.13005211409643588,0.405,0.6115,0.746,0.778,0.835,0.9874999999999999,0.6927000312785712,0.1,0.37500000000000006,0.75,1.6250000000000002,2.1,2.5187500000000003,1.565979459209688,0.5,1.6500000000000001,2.2,3.2,6.4,3.4999999999999996,2.2027255843613385,0.6,2.25,3.1,4.875,8.5,1.8374999999999997,1.6859715300087366,0.2,0.7750000000000001,1.45,2.2750000000000004,7.4,0.6562500000000001,0.3705289012569285,0.0,0.4,0.6499999999999999,0.8250000000000001,1.6,0.48125000000000007,0.5022864388639879,0.0,0.17500000000000002,0.3,0.575,1.6,1.2874999999999999,0.5897739680024316,0.0,1.0,1.3,1.525,2.8,1.7500000000000002,0.816496580927726,0.3,1.3249999999999997,1.75,2.3499999999999996,3.1,7.6937500000000005,3.9017036877070335,1.2,5.300000000000001,8.1,10.6,14.7,27
POR,2,4,3,2,4,25.0,2.9760952365713798,20.0,23.5,24.0,26.5,31.0,57.666666666666664,18.046236911518886,27.0,39.5,62.0,73.0,82.0,27.333333333333332,35.70447484293143,0.0,0.0,5.0,71.0,82.0,20.686666666666667,11.72450831540902,7.2,12.0,16.6,31.9,38.6,2.9600000000000004,2.488200726859241,0.4,1.1,1.6,4.949999999999999,8.6,6.746666666666666,5.153621010882497,1.4,3.1,4.0,10.350000000000001,17.8,0.4128666666666667,0.07374751004674827,0.29600000000000004,0.368,0.408,0.4325,0.562,0.6866666666666666,0.9022722638401548,0.0,0.0,0.3,0.85,2.4,1.9666666666666663,2.3101226518664904,0.0,0.15000000000000002,1.0,2.4,6.2,0.25949999999999995,0.14201503170710217,0.0,0.16075,0.2935,0.371,0.429,2.28,2.264382602704007,0.4,0.8,1.5,2.6500000000000004,8.6,4.793333333333333,4.42661861706567,0.9,2.1,3.3,5.449999999999999,17.6,0.4482,0.06575191469238204,0.308,0.4135,0.447,0.48050000000000004,0.563,0.45926666666666677,0.07593368033701388,0.29600000000000004,0.402,0.479,0.5115000000000001,0.562,1.2533333333333332,1.222916108947711,0.0,0.35,0.7,2.25,3.8,1.6466666666666667,1.4769015184629257,0.2,0.6,0.9,2.8,4.7,0.6835333333333334,0.1800051057476929,0.16699999999999998,0.673,0.7140000000000001,0.803,0.848,0.8533333333333332,0.8991000791797055,0.1,0.25,0.5,1.0,3.3,2.4399999999999995,2.0233635362929716,0.5,1.1,1.8,2.55,7.0,3.293333333333334,2.901838497688434,0.7,1.5,2.3,3.4000000000000004,10.4,1.9066666666666665,1.874820626340659,0.3,0.65,0.9,2.55,6.5,0.5733333333333334,0.35550098787619766,0.2,0.25,0.5,0.75,1.3,0.3333333333333333,0.3773340063934768,0.0,0.1,0.2,0.44999999999999996,1.2,1.2199999999999998,0.8436316054500838,0.4,0.55,0.9,1.8,3.0,1.6600000000000001,0.5641681613541429,0.7,1.3,1.5,2.05,2.5,7.859999999999999,6.643665081435525,1.2,2.75,4.0,13.5,21.1,21
SAC,3,3,3,4,4,25.41176470588235,3.392248950353802,21.0,23.0,25.0,28.0,33.0,52.411764705882355,24.18175661405053,9.0,38.0,54.0,74.0,82.0,24.11764705882353,31.346615353457974,0.0,0.0,8.0,61.0,81.0,19.9235294117647,7.779100961210484,3.6,15.9,17.8,26.9,31.0,3.0000000000000004,1.6714514650446777,0.3,1.9,2.5,4.6,6.4,6.758823529411764,3.4950069426843444,1.2,4.8,5.9,9.1,13.8,0.4371176470588236,0.06182321808283394,0.273,0.418,0.43,0.465,0.568,0.6235294117647059,0.6270261276102316,0.0,0.0,0.7,1.0,2.0,1.7000000000000002,1.63783393541592,0.0,0.2,1.5,2.7,5.3,0.26606666666666673,0.16410556997018136,0.0,0.1385,0.358,0.375,0.444,2.400000000000001,1.5905973720586868,0.3,1.4,2.0,2.8,6.4,5.052941176470589,3.156564122400102,1.0,2.7,4.5,5.5,13.5,0.4622352941176471,0.055867621897397676,0.33299999999999996,0.424,0.47100000000000003,0.504,0.568,0.47900000000000004,0.06750370360209874,0.273,0.45799999999999996,0.5,0.52,0.568,1.2999999999999998,1.156503350622038,0.2,0.5,0.9,1.5,4.2,1.6941176470588235,1.480063591638588,0.2,0.7,1.4,1.8,5.6,0.7806470588235295,0.12321015642818908,0.5770000000000001,0.727,0.773,0.8590000000000001,1.0,0.9764705882352942,0.7972839925057335,0.2,0.4,0.7,1.5,3.0,2.4588235294117644,1.5556585516789228,0.8,1.5,1.8,3.0,7.0,3.405882352941177,2.2919616565933465,1.0,1.7,2.7,4.4,9.9,1.6705882352941177,1.1405945302134939,0.2,1.0,1.3,2.6,4.0,0.6764705882352942,0.41762634579954644,0.0,0.4,0.6,0.8,1.4,0.3764705882352941,0.3192362208551567,0.0,0.1,0.3,0.7,0.9,1.1588235294117646,0.6442620037001752,0.5,0.6,1.1,1.3,3.0,1.7588235294117647,0.7517137283645714,0.2,1.5,1.9,2.0,3.6,7.952941176470589,4.6042259999725825,0.9,5.1,7.2,10.9,17.1,25
SAS,2,4,3,3,4,27.5625,4.871259248558494,21.0,23.75,27.0,30.5,36.0,57.8125,21.404730785506274,10.0,57.25,63.5,69.75,81.0,25.625,29.145325525716814,0.0,3.5,12.5,57.25,80.0,19.831249999999997,8.06397079607807,8.8,13.25,20.65,25.4,32.9,3.15,2.009643417789998,1.1,1.75,2.3499999999999996,3.8249999999999997,7.9,6.6125,3.898012313987733,2.3,3.775,5.2,8.850000000000001,15.1,0.47468750000000004,0.050526189578607,0.373,0.439,0.478,0.507,0.56,0.6500000000000001,0.621825270205921,0.0,0.15000000000000002,0.45,0.9500000000000001,2.2,1.75625,1.5991534218662906,0.0,0.6250000000000001,1.1,3.025,5.2,0.29793749999999997,0.1569337307060956,0.0,0.28225,0.354,0.38875000000000004,0.455,2.50625,2.0757227656890986,0.6,1.1,1.8,2.65,7.5,4.843750000000001,3.919518465321984,1.4,2.2,3.3,5.35,14.0,0.5100625000000001,0.04320874718541762,0.429,0.48,0.51,0.5395000000000001,0.5870000000000001,0.5301875,0.0440185093644329,0.442,0.5,0.529,0.56425,0.602,1.3437500000000002,1.2516489124351124,0.2,0.575,0.75,2.0,4.2,1.7125000000000004,1.4992776038257003,0.2,0.8,1.05,2.5,5.0,0.7728750000000001,0.08361887745399761,0.583,0.72825,0.7955,0.8427500000000001,0.865,0.6875,0.5239274758971895,0.2,0.3,0.45,0.9500000000000001,1.8,2.6812500000000004,1.8490425450306258,0.7,1.475,2.45,2.7500000000000004,8.1,3.36875,2.30093278186623,0.9,1.9,2.9,3.5,9.9,2.0625,1.7925307993634771,0.3,1.05,1.7000000000000002,2.025,7.6,0.6937500000000001,0.4122600312100766,0.1,0.4,0.6499999999999999,0.8,1.7,0.44999999999999996,0.6429100507328637,0.0,0.1,0.25,0.45000000000000007,2.7,1.1812500000000001,0.6295170106253418,0.2,0.7750000000000001,1.1,1.25,2.6,1.4624999999999997,0.38794329482541645,0.7,1.2750000000000001,1.5,1.7249999999999999,2.0,8.325000000000001,5.201986799931991,2.7,4.425,6.0,10.825,20.3,3
TOR,3,3,4,6,2,26.0,3.289913283319897,20.0,23.25,26.5,28.0,31.0,46.72222222222222,22.632110336878743,13.0,30.0,45.0,64.5,82.0,22.77777777777778,23.01036992712213,0.0,2.25,19.0,31.5,82.0,22.272222222222222,7.670785338700224,11.8,15.725000000000001,21.65,28.599999999999998,36.7,3.1944444444444446,1.826108759798928,1.0,1.85,2.9,4.1,7.3,7.372222222222222,4.146125839518644,2.1,4.8999999999999995,6.75,9.1,17.1,0.44250000000000006,0.08290196194371788,0.29,0.38925,0.435,0.51725,0.56,0.6888888888888889,0.6295552948558576,0.0,0.0,0.8500000000000001,1.1,1.8,2.0444444444444443,1.7443091409165312,0.0,0.125,2.55,3.475,4.4,0.33392857142857135,0.08182012568453416,0.14300000000000002,0.3045,0.3325,0.37325,0.5,2.5166666666666675,1.714385501297425,0.6,1.175,2.1,3.675,6.3,5.333333333333333,3.5554432171795733,1.8,2.6,4.449999999999999,6.949999999999999,13.5,0.46494444444444444,0.07021016536272677,0.32,0.42775,0.46349999999999997,0.5259999999999999,0.562,0.48594444444444446,0.05753512709356955,0.371,0.45924999999999994,0.47050000000000003,0.5449999999999999,0.569,1.5111111111111113,1.165125031861079,0.1,0.625,1.3,1.9,4.3,1.9222222222222218,1.3541029396769768,0.4,0.925,1.6,2.3,5.2,0.7411111111111112,0.14161583863266847,0.33299999999999996,0.6787500000000001,0.792,0.83975,0.904,0.922222222222222,0.7360910713760065,0.1,0.5,0.7,1.1749999999999998,2.8,2.6999999999999997,1.294331533127065,0.9,1.6500000000000001,2.3,3.75,5.1,3.638888888888889,1.9278573564784571,1.0,2.3249999999999997,3.2,4.550000000000001,7.5,1.9444444444444444,1.9659520137229796,0.4,0.7249999999999999,1.2,2.3,7.4,0.6555555555555556,0.3944053188733077,0.2,0.4,0.6,0.7,1.7,0.43333333333333335,0.41016495964141925,0.0,0.1,0.3,0.6499999999999999,1.4,1.1888888888888889,0.650690934937976,0.4,0.7249999999999999,0.95,1.5,2.8,2.0666666666666664,0.7506859608149775,0.8,1.7,1.9,2.45,3.7,8.588888888888892,4.896564088141914,2.1,4.8500000000000005,8.15,11.0,19.5,20
UTA,2,3,3,3,3,26.0,4.489303526589191,20.0,22.0,26.0,28.75,34.0,62.42857142857143,18.72355277642116,17.0,52.0,68.0,76.0,82.0,29.285714285714285,30.436386552506956,0.0,2.5,19.5,49.75,78.0,20.892857142857146,9.12144255508493,3.1,16.925,20.85,28.75,33.1,3.1285714285714277,2.0992410978287337,0.4,1.55,2.8,4.425000000000001,7.8,6.949999999999998,4.274207078961681,1.2,3.85,6.25,10.274999999999999,15.8,0.4367857142857143,0.09194411226511341,0.25,0.40275,0.4325,0.488,0.614,0.5285714285714286,0.6695906573061249,0.0,0.025,0.25,0.6749999999999999,2.2,1.4571428571428573,1.6084939375865697,0.0,0.22500000000000003,0.8500000000000001,2.1999999999999997,5.3,0.3082142857142857,0.2424989067608755,0.0,0.18424999999999997,0.316,0.37699999999999995,1.0,2.607142857142857,2.062658585311791,0.4,0.8749999999999999,2.0,3.5250000000000004,7.8,5.492857142857143,4.066081895144511,1.2,2.3499999999999996,4.4,7.3,15.6,0.457,0.08828101982611247,0.261,0.439,0.463,0.4995,0.628,0.4729285714285715,0.08455354633486521,0.268,0.46749999999999997,0.488,0.5002500000000001,0.614,1.4571428571428573,1.0485992750142639,0.0,0.725,1.35,1.975,3.4,1.921428571428571,1.372352596219954,0.0,1.025,1.75,2.5999999999999996,4.6,0.7528461538461539,0.06951000665832961,0.636,0.6920000000000001,0.765,0.795,0.882,1.0142857142857145,0.8113209958097708,0.0,0.5,0.7,1.7499999999999998,2.4,2.4714285714285715,1.882072740942231,0.2,1.35,1.7999999999999998,2.6999999999999997,7.2,3.4785714285714286,2.5867052317656833,0.2,1.7249999999999999,2.5999999999999996,4.125,9.2,2.107142857142857,1.776974215524064,0.1,0.925,1.7,2.9,6.2,0.7285714285714285,0.34065225090105605,0.1,0.5,0.8,0.975,1.3,0.5142857142857143,0.45717719651245614,0.0,0.2,0.4,0.5,1.7,1.2571428571428573,0.6779088726078452,0.2,0.8750000000000001,1.35,1.6749999999999998,2.7,1.85,0.7812711535597711,0.2,1.6250000000000002,1.8,2.275,3.2,8.242857142857144,5.253089096421748,0.9,4.125,7.2,12.375,17.8,15
WAS,4,4,5,3,3,26.210526315789473,4.049402526140549,19.0,23.0,26.0,29.0,34.0,44.8421052631579,24.180486066924885,6.0,29.0,51.0,57.0,79.0,21.57894736842105,23.317413115222816,0.0,3.5,12.0,39.0,77.0,21.178947368421053,6.856268741278422,9.0,16.549999999999997,21.8,26.25,32.7,2.9000000000000004,1.6986923074987876,0.2,1.5,2.3,4.2,6.6,6.8999999999999995,3.6501141534660717,1.0,4.4,6.1,8.899999999999999,15.0,0.40136842105263154,0.0815388186532551,0.16699999999999998,0.3815,0.41,0.4515,0.5,0.5578947368421052,0.6677622576550265,0.0,0.0,0.2,1.2999999999999998,1.8,1.6578947368421053,1.7417474588832664,0.0,0.0,0.9,3.55,4.3,0.23386666666666667,0.1626169322877131,0.0,0.075,0.308,0.357,0.42200000000000004,2.3368421052631576,1.6190568332334003,0.2,1.2999999999999998,1.7,3.45,6.4,5.242105263157894,3.377427651906055,1.0,3.45,3.9,7.949999999999999,14.1,0.4253684210526315,0.07562789794360558,0.16699999999999998,0.41600000000000004,0.444,0.46299999999999997,0.504,0.4375263157894736,0.08926761788206955,0.16699999999999998,0.4225,0.473,0.4855,0.551,1.2421052631578948,1.2402131490073631,0.1,0.4,0.8,1.7,5.0,1.6842105263157894,1.5359626579281502,0.3,0.7,1.1,2.45,6.2,0.716578947368421,0.19451544234312482,0.308,0.5710000000000001,0.7290000000000001,0.821,1.0,0.868421052631579,0.668375004169688,0.0,0.4,0.7,1.15,2.5,2.684210526315789,1.3026738134803686,0.9,1.85,2.4,3.1,6.2,3.5526315789473686,1.8936644138496932,0.9,2.3499999999999996,3.2,4.2,8.8,2.042105263157895,1.7573072170143615,0.3,0.6499999999999999,2.0,2.65,7.6,0.6631578947368422,0.3336840260482454,0.0,0.5,0.6,0.9,1.3,0.37894736842105264,0.28201447434961574,0.0,0.1,0.3,0.55,1.0,1.2894736842105263,0.7015021476502369,0.3,0.8500000000000001,1.1,1.55,3.2,1.847368421052632,0.4959484976090781,1.1,1.4,1.8,2.1500000000000004,2.8,7.6000000000000005,4.747279922931305,0.7,3.9,6.6,10.55,18.5,24
