,month,perc_dif,ticker
0,2020-08-26,3,A
1,2020-09-25,3,A
2,2020-10-26,4,A
3,2020-11-25,4,A
4,2020-12-28,4,A
0,2020-08-26,4,AAL
1,2020-09-25,2,AAL
2,2020-10-26,2,AAL
3,2020-11-25,5,AAL
4,2020-12-28,4,AAL
0,2020-08-26,4,AAP
1,2020-09-25,2,AAP
2,2020-10-26,3,AAP
3,2020-11-25,3,AAP
4,2020-12-28,4,AAP
0,2020-08-26,5,AAPL
1,2020-09-25,2,AAPL
2,2020-10-26,4,AAPL
3,2020-11-25,3,AAPL
4,2020-12-28,4,AAPL
0,2020-08-26,3,ABBV
1,2020-09-25,2,ABBV
2,2020-10-26,3,ABBV
3,2020-11-25,5,ABBV
4,2020-12-28,3,ABBV
0,2020-08-26,2,ABC
1,2020-09-25,3,ABC
2,2020-10-26,3,ABC
3,2020-11-25,4,ABC
4,2020-12-28,2,ABC
0,2020-08-26,3,ABMD
1,2020-09-25,2,ABMD
2,2020-10-26,4,ABMD
3,2020-11-25,2,ABMD
4,2020-12-28,5,ABMD
0,2020-08-26,4,ABT
1,2020-09-25,3,ABT
2,2020-10-26,4,ABT
3,2020-11-25,3,ABT
4,2020-12-28,3,ABT
0,2020-08-26,4,ACN
1,2020-09-25,2,ACN
2,2020-10-26,4,ACN
3,2020-11-25,4,ACN
4,2020-12-28,4,ACN
0,2020-08-26,5,ADBE
1,2020-09-25,2,ADBE
2,2020-10-26,3,ADBE
3,2020-11-25,3,ADBE
4,2020-12-28,4,ADBE
0,2020-08-26,4,ADI
1,2020-09-25,2,ADI
2,2020-10-26,4,ADI
3,2020-11-25,4,ADI
4,2020-12-28,4,ADI
0,2020-08-26,4,ADM
1,2020-09-25,4,ADM
2,2020-10-26,4,ADM
3,2020-11-25,3,ADM
4,2020-12-28,3,ADM
0,2020-08-26,2,ADP
1,2020-09-25,3,ADP
2,2020-10-26,4,ADP
3,2020-11-25,4,ADP
4,2020-12-28,3,ADP
0,2020-08-26,4,ADSK
1,2020-09-25,2,ADSK
2,2020-10-26,4,ADSK
3,2020-11-25,4,ADSK
4,2020-12-28,4,ADSK
0,2020-08-26,3,AEE
1,2020-09-25,3,AEE
2,2020-10-26,4,AEE
3,2020-11-25,2,AEE
4,2020-12-28,3,AEE
0,2020-08-26,2,AEP
1,2020-09-25,3,AEP
2,2020-10-26,4,AEP
3,2020-11-25,2,AEP
4,2020-12-28,3,AEP
0,2020-08-26,4,AES
1,2020-09-25,3,AES
2,2020-10-26,4,AES
3,2020-11-25,3,AES
4,2020-12-28,4,AES
0,2020-08-26,3,AFL
1,2020-09-25,3,AFL
2,2020-10-26,3,AFL
3,2020-11-25,5,AFL
4,2020-12-28,3,AFL
0,2020-08-26,2,AIG
1,2020-09-25,2,AIG
2,2020-10-26,4,AIG
3,2020-11-25,5,AIG
4,2020-12-28,2,AIG
0,2020-08-26,4,AIZ
1,2020-09-25,3,AIZ
2,2020-10-26,3,AIZ
3,2020-11-25,4,AIZ
4,2020-12-28,3,AIZ
0,2020-08-26,3,AJG
1,2020-09-25,3,AJG
2,2020-10-26,3,AJG
3,2020-11-25,4,AJG
4,2020-12-28,4,AJG
0,2020-08-26,3,AKAM
1,2020-09-25,3,AKAM
2,2020-10-26,2,AKAM
3,2020-11-25,3,AKAM
4,2020-12-28,3,AKAM
0,2020-08-26,4,ALB
1,2020-09-25,2,ALB
2,2020-10-26,4,ALB
3,2020-11-25,5,ALB
4,2020-12-28,4,ALB
0,2020-08-26,3,ALGN
1,2020-09-25,4,ALGN
2,2020-10-26,5,ALGN
3,2020-11-25,4,ALGN
4,2020-12-28,4,ALGN
0,2020-08-26,4,ALK
1,2020-09-25,3,ALK
2,2020-10-26,3,ALK
3,2020-11-25,5,ALK
4,2020-12-28,3,ALK
0,2020-08-26,3,ALL
1,2020-09-25,3,ALL
2,2020-10-26,3,ALL
3,2020-11-25,4,ALL
4,2020-12-28,4,ALL
0,2020-08-26,3,ALLE
1,2020-09-25,2,ALLE
2,2020-10-26,3,ALLE
3,2020-11-25,4,ALLE
4,2020-12-28,3,ALLE
0,2020-08-26,3,ALXN
1,2020-09-25,4,ALXN
2,2020-10-26,4,ALXN
3,2020-11-25,3,ALXN
4,2020-12-28,5,ALXN
0,2020-08-26,3,AMAT
1,2020-09-25,2,AMAT
2,2020-10-26,3,AMAT
3,2020-11-25,5,AMAT
4,2020-12-28,4,AMAT
0,2020-08-26,3,AMCR
1,2020-09-25,3,AMCR
2,2020-10-26,3,AMCR
3,2020-11-25,4,AMCR
4,2020-12-28,3,AMCR
0,2020-08-26,5,AMD
1,2020-09-25,2,AMD
2,2020-10-26,3,AMD
3,2020-11-25,4,AMD
4,2020-12-28,4,AMD
0,2020-08-26,4,AME
1,2020-09-25,2,AME
2,2020-10-26,4,AME
3,2020-11-25,4,AME
4,2020-12-28,3,AME
0,2020-08-26,3,AMGN
1,2020-09-25,3,AMGN
2,2020-10-26,2,AMGN
3,2020-11-25,3,AMGN
4,2020-12-28,4,AMGN
0,2020-08-26,3,AMP
1,2020-09-25,2,AMP
2,2020-10-26,4,AMP
3,2020-11-25,4,AMP
4,2020-12-28,3,AMP
0,2020-08-26,2,AMT
1,2020-09-25,3,AMT
2,2020-10-26,3,AMT
3,2020-11-25,3,AMT
4,2020-12-28,2,AMT
0,2020-08-26,4,AMZN
1,2020-09-25,2,AMZN
2,2020-10-26,4,AMZN
3,2020-11-25,3,AMZN
4,2020-12-28,3,AMZN
0,2020-08-26,2,ANET
1,2020-09-25,2,ANET
2,2020-10-26,4,ANET
3,2020-11-25,5,ANET
4,2020-12-28,4,ANET
0,2020-08-26,4,ANSS
1,2020-09-25,2,ANSS
2,2020-10-26,4,ANSS
3,2020-11-25,3,ANSS
4,2020-12-28,4,ANSS
0,2020-08-26,3,ANTM
1,2020-09-25,2,ANTM
2,2020-10-26,4,ANTM
3,2020-11-25,4,ANTM
4,2020-12-28,4,ANTM
0,2020-08-26,2,AON
1,2020-09-25,3,AON
2,2020-10-26,3,AON
3,2020-11-25,4,AON
4,2020-12-28,3,AON
0,2020-08-26,2,AOS
1,2020-09-25,4,AOS
2,2020-10-26,3,AOS
3,2020-11-25,4,AOS
4,2020-12-28,3,AOS
0,2020-08-26,3,APA
1,2020-09-25,1,APA
2,2020-10-26,2,APA
3,2020-11-25,5,APA
4,2020-12-28,3,APA
0,2020-08-26,3,APD
1,2020-09-25,3,APD
2,2020-10-26,3,APD
3,2020-11-25,3,APD
4,2020-12-28,3,APD
0,2020-08-26,3,APH
1,2020-09-25,3,APH
2,2020-10-26,4,APH
3,2020-11-25,4,APH
4,2020-12-28,3,APH
0,2020-08-26,3,APTV
1,2020-09-25,3,APTV
2,2020-10-26,4,APTV
3,2020-11-25,5,APTV
4,2020-12-28,4,APTV
0,2020-08-26,3,ARE
1,2020-09-25,2,ARE
2,2020-10-26,3,ARE
3,2020-11-25,4,ARE
4,2020-12-28,4,ARE
0,2020-08-26,3,ATO
1,2020-09-25,2,ATO
2,2020-10-26,3,ATO
3,2020-11-25,3,ATO
4,2020-12-28,2,ATO
0,2020-08-26,4,ATVI
1,2020-09-25,2,ATVI
2,2020-10-26,3,ATVI
3,2020-11-25,2,ATVI
4,2020-12-28,5,ATVI
0,2020-08-26,4,AVB
1,2020-09-25,2,AVB
2,2020-10-26,2,AVB
3,2020-11-25,4,AVB
4,2020-12-28,2,AVB
0,2020-08-26,4,AVGO
1,2020-09-25,4,AVGO
2,2020-10-26,3,AVGO
3,2020-11-25,4,AVGO
4,2020-12-28,4,AVGO
0,2020-08-26,3,AVY
1,2020-09-25,4,AVY
2,2020-10-26,4,AVY
3,2020-11-25,4,AVY
4,2020-12-28,3,AVY
0,2020-08-26,3,AWK
1,2020-09-25,3,AWK
2,2020-10-26,4,AWK
3,2020-11-25,3,AWK
4,2020-12-28,3,AWK
0,2020-08-26,3,AXP
1,2020-09-25,3,AXP
2,2020-10-26,3,AXP
3,2020-11-25,5,AXP
4,2020-12-28,3,AXP
0,2020-08-26,3,AZO
1,2020-09-25,2,AZO
2,2020-10-26,3,AZO
3,2020-11-25,3,AZO
4,2020-12-28,4,AZO
0,2020-08-26,3,BA
1,2020-09-25,2,BA
2,2020-10-26,3,BA
3,2020-11-25,5,BA
4,2020-12-28,3,BA
0,2020-08-26,4,BAC
1,2020-09-25,2,BAC
2,2020-10-26,3,BAC
3,2020-11-25,4,BAC
4,2020-12-28,4,BAC
0,2020-08-26,2,BAX
1,2020-09-25,2,BAX
2,2020-10-26,3,BAX
3,2020-11-25,2,BAX
4,2020-12-28,4,BAX
0,2020-08-26,4,BBY
1,2020-09-25,2,BBY
2,2020-10-26,4,BBY
3,2020-11-25,3,BBY
4,2020-12-28,2,BBY
0,2020-08-26,2,BDX
1,2020-09-25,2,BDX
2,2020-10-26,4,BDX
3,2020-11-25,2,BDX
4,2020-12-28,4,BDX
0,2020-08-26,3,BEN
1,2020-09-25,2,BEN
2,2020-10-26,3,BEN
3,2020-11-25,3,BEN
4,2020-12-28,4,BEN
0,2020-08-26,1,BF.B
1,2020-09-25,1,BF.B
2,2020-10-26,1,BF.B
3,2020-11-25,1,BF.B
4,2020-12-28,1,BF.B
0,2020-08-26,3,BIIB
1,2020-09-25,3,BIIB
2,2020-10-26,2,BIIB
3,2020-11-25,2,BIIB
4,2020-12-28,3,BIIB
0,2020-08-26,2,BIO
1,2020-09-25,3,BIO
2,2020-10-26,4,BIO
3,2020-11-25,2,BIO
4,2020-12-28,4,BIO
0,2020-08-26,3,BK
1,2020-09-25,2,BK
2,2020-10-26,4,BK
3,2020-11-25,4,BK
4,2020-12-28,4,BK
0,2020-08-26,4,BKNG
1,2020-09-25,2,BKNG
2,2020-10-26,3,BKNG
3,2020-11-25,4,BKNG
4,2020-12-28,4,BKNG
0,2020-08-26,2,BKR
1,2020-09-25,2,BKR
2,2020-10-26,4,BKR
3,2020-11-25,5,BKR
4,2020-12-28,4,BKR
0,2020-08-26,3,BLK
1,2020-09-25,2,BLK
2,2020-10-26,4,BLK
3,2020-11-25,4,BLK
4,2020-12-28,4,BLK
0,2020-08-26,4,BLL
1,2020-09-25,4,BLL
2,2020-10-26,4,BLL
3,2020-11-25,4,BLL
4,2020-12-28,2,BLL
0,2020-08-26,4,BMY
1,2020-09-25,2,BMY
2,2020-10-26,3,BMY
3,2020-11-25,4,BMY
4,2020-12-28,3,BMY
0,2020-08-26,4,BR
1,2020-09-25,2,BR
2,2020-10-26,4,BR
3,2020-11-25,3,BR
4,2020-12-28,4,BR
0,2020-08-26,1,BRK.B
1,2020-09-25,1,BRK.B
2,2020-10-26,1,BRK.B
3,2020-11-25,1,BRK.B
4,2020-12-28,1,BRK.B
0,2020-08-26,3,BSX
1,2020-09-25,2,BSX
2,2020-10-26,2,BSX
3,2020-11-25,2,BSX
4,2020-12-28,4,BSX
0,2020-08-26,4,BWA
1,2020-09-25,2,BWA
2,2020-10-26,3,BWA
3,2020-11-25,3,BWA
4,2020-12-28,3,BWA
0,2020-08-26,2,BXP
1,2020-09-25,2,BXP
2,2020-10-26,2,BXP
3,2020-11-25,5,BXP
4,2020-12-28,2,BXP
0,2020-08-26,3,C
1,2020-09-25,2,C
2,2020-10-26,3,C
3,2020-11-25,5,C
4,2020-12-28,4,C
0,2020-08-26,4,CAG
1,2020-09-25,2,CAG
2,2020-10-26,4,CAG
3,2020-11-25,2,CAG
4,2020-12-28,3,CAG
0,2020-08-26,2,CAH
1,2020-09-25,2,CAH
2,2020-10-26,3,CAH
3,2020-11-25,4,CAH
4,2020-12-28,3,CAH
0,2020-08-26,4,CARR
1,2020-09-25,3,CARR
2,2020-10-26,4,CARR
3,2020-11-25,4,CARR
4,2020-12-28,3,CARR
0,2020-08-26,3,CAT
1,2020-09-25,3,CAT
2,2020-10-26,4,CAT
3,2020-11-25,4,CAT
4,2020-12-28,4,CAT
0,2020-08-26,2,CB
1,2020-09-25,2,CB
2,2020-10-26,4,CB
3,2020-11-25,5,CB
4,2020-12-28,3,CB
0,2020-08-26,4,CBOE
1,2020-09-25,3,CBOE
2,2020-10-26,2,CBOE
3,2020-11-25,4,CBOE
4,2020-12-28,3,CBOE
0,2020-08-26,4,CBRE
1,2020-09-25,3,CBRE
2,2020-10-26,2,CBRE
3,2020-11-25,5,CBRE
4,2020-12-28,3,CBRE
0,2020-08-26,2,CCI
1,2020-09-25,3,CCI
2,2020-10-26,3,CCI
3,2020-11-25,4,CCI
4,2020-12-28,3,CCI
0,2020-08-26,4,CCL
1,2020-09-25,3,CCL
2,2020-10-26,2,CCL
3,2020-11-25,5,CCL
4,2020-12-28,4,CCL
0,2020-08-26,4,CDNS
1,2020-09-25,2,CDNS
2,2020-10-26,4,CDNS
3,2020-11-25,3,CDNS
4,2020-12-28,5,CDNS
0,2020-08-26,2,CDW
1,2020-09-25,3,CDW
2,2020-10-26,4,CDW
3,2020-11-25,4,CDW
4,2020-12-28,3,CDW
0,2020-08-26,4,CE
1,2020-09-25,4,CE
2,2020-10-26,4,CE
3,2020-11-25,4,CE
4,2020-12-28,3,CE
0,2020-08-26,3,CERN
1,2020-09-25,3,CERN
2,2020-10-26,4,CERN
3,2020-11-25,3,CERN
4,2020-12-28,4,CERN
0,2020-08-26,4,CF
1,2020-09-25,2,CF
2,2020-10-26,2,CF
3,2020-11-25,5,CF
4,2020-12-28,3,CF
0,2020-08-26,4,CFG
1,2020-09-25,2,CFG
2,2020-10-26,4,CFG
3,2020-11-25,5,CFG
4,2020-12-28,4,CFG
0,2020-08-26,4,CHD
1,2020-09-25,2,CHD
2,2020-10-26,3,CHD
3,2020-11-25,2,CHD
4,2020-12-28,3,CHD
0,2020-08-26,4,CHRW
1,2020-09-25,4,CHRW
2,2020-10-26,3,CHRW
3,2020-11-25,2,CHRW
4,2020-12-28,3,CHRW
0,2020-08-26,4,CHTR
1,2020-09-25,3,CHTR
2,2020-10-26,2,CHTR
3,2020-11-25,4,CHTR
4,2020-12-28,3,CHTR
0,2020-08-26,3,CI
1,2020-09-25,2,CI
2,2020-10-26,4,CI
3,2020-11-25,4,CI
4,2020-12-28,3,CI
0,2020-08-26,2,CINF
1,2020-09-25,3,CINF
2,2020-10-26,2,CINF
3,2020-11-25,3,CINF
4,2020-12-28,4,CINF
0,2020-08-26,4,CL
1,2020-09-25,2,CL
2,2020-10-26,4,CL
3,2020-11-25,4,CL
4,2020-12-28,3,CL
0,2020-08-26,2,CLX
1,2020-09-25,2,CLX
2,2020-10-26,3,CLX
3,2020-11-25,2,CLX
4,2020-12-28,3,CLX
0,2020-08-26,4,CMA
1,2020-09-25,2,CMA
2,2020-10-26,4,CMA
3,2020-11-25,4,CMA
4,2020-12-28,4,CMA
0,2020-08-26,3,CMCSA
1,2020-09-25,4,CMCSA
2,2020-10-26,2,CMCSA
3,2020-11-25,4,CMCSA
4,2020-12-28,3,CMCSA
0,2020-08-26,4,CME
1,2020-09-25,2,CME
2,2020-10-26,2,CME
3,2020-11-25,4,CME
4,2020-12-28,4,CME
0,2020-08-26,4,CMG
1,2020-09-25,3,CMG
2,2020-10-26,4,CMG
3,2020-11-25,3,CMG
4,2020-12-28,4,CMG
0,2020-08-26,4,CMI
1,2020-09-25,3,CMI
2,2020-10-26,4,CMI
3,2020-11-25,4,CMI
4,2020-12-28,3,CMI
0,2020-08-26,2,CMS
1,2020-09-25,4,CMS
2,2020-10-26,4,CMS
3,2020-11-25,2,CMS
4,2020-12-28,3,CMS
0,2020-08-26,2,CNC
1,2020-09-25,2,CNC
2,2020-10-26,4,CNC
3,2020-11-25,2,CNC
4,2020-12-28,2,CNC
0,2020-08-26,4,CNP
1,2020-09-25,2,CNP
2,2020-10-26,4,CNP
3,2020-11-25,4,CNP
4,2020-12-28,2,CNP
0,2020-08-26,3,COF
1,2020-09-25,4,COF
2,2020-10-26,4,COF
3,2020-11-25,5,COF
4,2020-12-28,4,COF
0,2020-08-26,4,COG
1,2020-09-25,3,COG
2,2020-10-26,4,COG
3,2020-11-25,2,COG
4,2020-12-28,2,COG
0,2020-08-26,4,COO
1,2020-09-25,4,COO
2,2020-10-26,4,COO
3,2020-11-25,2,COO
4,2020-12-28,4,COO
0,2020-08-26,2,COP
1,2020-09-25,2,COP
2,2020-10-26,2,COP
3,2020-11-25,5,COP
4,2020-12-28,2,COP
0,2020-08-26,4,COST
1,2020-09-25,3,COST
2,2020-10-26,4,COST
3,2020-11-25,4,COST
4,2020-12-28,3,COST
0,2020-08-26,4,CPB
1,2020-09-25,2,CPB
2,2020-10-26,3,CPB
3,2020-11-25,3,CPB
4,2020-12-28,3,CPB
0,2020-08-26,4,CPRT
1,2020-09-25,3,CPRT
2,2020-10-26,4,CPRT
3,2020-11-25,3,CPRT
4,2020-12-28,4,CPRT
0,2020-08-26,5,CRM
1,2020-09-25,2,CRM
2,2020-10-26,4,CRM
3,2020-11-25,3,CRM
4,2020-12-28,2,CRM
0,2020-08-26,2,CSCO
1,2020-09-25,2,CSCO
2,2020-10-26,2,CSCO
3,2020-11-25,4,CSCO
4,2020-12-28,4,CSCO
0,2020-08-26,4,CSX
1,2020-09-25,4,CSX
2,2020-10-26,3,CSX
3,2020-11-25,4,CSX
4,2020-12-28,3,CSX
0,2020-08-26,4,CTAS
1,2020-09-25,3,CTAS
2,2020-10-26,3,CTAS
3,2020-11-25,4,CTAS
4,2020-12-28,3,CTAS
0,2020-08-26,4,CTLT
1,2020-09-25,2,CTLT
2,2020-10-26,4,CTLT
3,2020-11-25,4,CTLT
4,2020-12-28,4,CTLT
0,2020-08-26,4,CTSH
1,2020-09-25,3,CTSH
2,2020-10-26,4,CTSH
3,2020-11-25,4,CTSH
4,2020-12-28,4,CTSH
0,2020-08-26,3,CTVA
1,2020-09-25,3,CTVA
2,2020-10-26,4,CTVA
3,2020-11-25,4,CTVA
4,2020-12-28,3,CTVA
0,2020-08-26,3,CTXS
1,2020-09-25,2,CTXS
2,2020-10-26,2,CTXS
3,2020-11-25,3,CTXS
4,2020-12-28,4,CTXS
0,2020-08-26,3,CVS
1,2020-09-25,2,CVS
2,2020-10-26,3,CVS
3,2020-11-25,4,CVS
4,2020-12-28,3,CVS
0,2020-08-26,2,CVX
1,2020-09-25,2,CVX
2,2020-10-26,2,CVX
3,2020-11-25,5,CVX
4,2020-12-28,2,CVX
0,2020-08-19,3,CXO
1,2020-09-18,2,CXO
2,2020-10-19,3,CXO
3,2020-11-18,5,CXO
4,2020-12-18,4,CXO
0,2020-08-26,3,D
1,2020-09-25,3,D
2,2020-10-26,4,D
3,2020-11-25,3,D
4,2020-12-28,2,D
0,2020-08-26,4,DAL
1,2020-09-25,3,DAL
2,2020-10-26,4,DAL
3,2020-11-25,5,DAL
4,2020-12-28,3,DAL
0,2020-08-26,4,DD
1,2020-09-25,2,DD
2,2020-10-26,4,DD
3,2020-11-25,4,DD
4,2020-12-28,4,DD
0,2020-08-26,4,DE
1,2020-09-25,4,DE
2,2020-10-26,4,DE
3,2020-11-25,4,DE
4,2020-12-28,4,DE
0,2020-08-26,3,DFS
1,2020-09-25,4,DFS
2,2020-10-26,5,DFS
3,2020-11-25,5,DFS
4,2020-12-28,4,DFS
0,2020-08-26,4,DG
1,2020-09-25,3,DG
2,2020-10-26,3,DG
3,2020-11-25,3,DG
4,2020-12-28,2,DG
0,2020-08-26,2,DGX
1,2020-09-25,2,DGX
2,2020-10-26,4,DGX
3,2020-11-25,3,DGX
4,2020-12-28,2,DGX
0,2020-08-26,4,DHI
1,2020-09-25,2,DHI
2,2020-10-26,2,DHI
3,2020-11-25,4,DHI
4,2020-12-28,2,DHI
0,2020-08-26,4,DHR
1,2020-09-25,3,DHR
2,2020-10-26,4,DHR
3,2020-11-25,2,DHR
4,2020-12-28,3,DHR
0,2020-08-26,4,DIS
1,2020-09-25,2,DIS
2,2020-10-26,3,DIS
3,2020-11-25,5,DIS
4,2020-12-28,5,DIS
0,2020-08-26,4,DISCA
1,2020-09-25,2,DISCA
2,2020-10-26,2,DISCA
3,2020-11-25,5,DISCA
4,2020-12-28,4,DISCA
0,2020-08-26,4,DISCK
1,2020-09-25,2,DISCK
2,2020-10-26,2,DISCK
3,2020-11-25,5,DISCK
4,2020-12-28,4,DISCK
0,2020-08-26,4,DISH
1,2020-09-25,2,DISH
2,2020-10-26,2,DISH
3,2020-11-25,5,DISH
4,2020-12-28,2,DISH
0,2020-08-26,3,DLR
1,2020-09-25,2,DLR
2,2020-10-26,4,DLR
3,2020-11-25,2,DLR
4,2020-12-28,4,DLR
0,2020-08-26,4,DLTR
1,2020-09-25,2,DLTR
2,2020-10-26,4,DLTR
3,2020-11-25,5,DLTR
4,2020-12-28,2,DLTR
0,2020-08-26,4,DOV
1,2020-09-25,3,DOV
2,2020-10-26,3,DOV
3,2020-11-25,4,DOV
4,2020-12-28,3,DOV
0,2020-08-26,4,DOW
1,2020-09-25,3,DOW
2,2020-10-26,3,DOW
3,2020-11-25,4,DOW
4,2020-12-28,3,DOW
0,2020-08-26,4,DPZ
1,2020-09-25,3,DPZ
2,2020-10-26,2,DPZ
3,2020-11-25,3,DPZ
4,2020-12-28,3,DPZ
0,2020-08-26,4,DRE
1,2020-09-25,2,DRE
2,2020-10-26,4,DRE
3,2020-11-25,3,DRE
4,2020-12-28,4,DRE
0,2020-08-26,4,DRI
1,2020-09-25,4,DRI
2,2020-10-26,3,DRI
3,2020-11-25,4,DRI
4,2020-12-28,4,DRI
0,2020-08-26,3,DTE
1,2020-09-25,3,DTE
2,2020-10-26,4,DTE
3,2020-11-25,4,DTE
4,2020-12-28,2,DTE
0,2020-08-26,3,DUK
1,2020-09-25,4,DUK
2,2020-10-26,4,DUK
3,2020-11-25,4,DUK
4,2020-12-28,2,DUK
0,2020-08-26,3,DVA
1,2020-09-25,2,DVA
2,2020-10-26,4,DVA
3,2020-11-25,5,DVA
4,2020-12-28,4,DVA
0,2020-08-26,4,DVN
1,2020-09-25,2,DVN
2,2020-10-26,3,DVN
3,2020-11-25,5,DVN
4,2020-12-28,4,DVN
0,2020-08-26,4,DXC
1,2020-09-25,2,DXC
2,2020-10-26,4,DXC
3,2020-11-25,5,DXC
4,2020-12-28,4,DXC
0,2020-08-26,3,DXCM
1,2020-09-25,2,DXCM
2,2020-10-26,2,DXCM
3,2020-11-25,1,DXCM
4,2020-12-28,4,DXCM
0,2020-08-26,4,EA
1,2020-09-25,2,EA
2,2020-10-26,2,EA
3,2020-11-25,2,EA
4,2020-12-28,4,EA
0,2020-08-26,3,EBAY
1,2020-09-25,2,EBAY
2,2020-10-26,3,EBAY
3,2020-11-25,2,EBAY
4,2020-12-28,3,EBAY
0,2020-08-26,2,ECL
1,2020-09-25,3,ECL
2,2020-10-26,2,ECL
3,2020-11-25,4,ECL
4,2020-12-28,3,ECL
0,2020-08-26,2,ED
1,2020-09-25,4,ED
2,2020-10-26,4,ED
3,2020-11-25,2,ED
4,2020-12-28,2,ED
0,2020-08-26,3,EFX
1,2020-09-25,2,EFX
2,2020-10-26,2,EFX
3,2020-11-25,4,EFX
4,2020-12-28,4,EFX
0,2020-08-26,2,EIX
1,2020-09-25,3,EIX
2,2020-10-26,4,EIX
3,2020-11-25,4,EIX
4,2020-12-28,3,EIX
0,2020-08-26,4,EL
1,2020-09-25,3,EL
2,2020-10-26,4,EL
3,2020-11-25,4,EL
4,2020-12-28,4,EL
0,2020-08-26,2,EMN
1,2020-09-25,4,EMN
2,2020-10-26,4,EMN
3,2020-11-25,4,EMN
4,2020-12-28,3,EMN
0,2020-08-26,4,EMR
1,2020-09-25,2,EMR
2,2020-10-26,4,EMR
3,2020-11-25,4,EMR
4,2020-12-28,3,EMR
0,2020-08-26,5,ENPH
1,2020-09-25,3,ENPH
2,2020-10-26,5,ENPH
3,2020-11-25,5,ENPH
4,2020-12-28,5,ENPH
0,2020-08-26,2,EOG
1,2020-09-25,2,EOG
2,2020-10-26,2,EOG
3,2020-11-25,5,EOG
4,2020-12-28,2,EOG
0,2020-08-26,4,EQIX
1,2020-09-25,2,EQIX
2,2020-10-26,3,EQIX
3,2020-11-25,2,EQIX
4,2020-12-28,3,EQIX
0,2020-08-26,3,EQR
1,2020-09-25,2,EQR
2,2020-10-26,2,EQR
3,2020-11-25,4,EQR
4,2020-12-28,3,EQR
0,2020-08-26,2,ES
1,2020-09-25,3,ES
2,2020-10-26,4,ES
3,2020-11-25,2,ES
4,2020-12-28,3,ES
0,2020-08-26,3,ESS
1,2020-09-25,2,ESS
2,2020-10-26,2,ESS
3,2020-11-25,5,ESS
4,2020-12-28,2,ESS
0,2020-08-26,4,ETN
1,2020-09-25,3,ETN
2,2020-10-26,4,ETN
3,2020-11-25,4,ETN
4,2020-12-28,3,ETN
0,2020-08-26,2,ETR
1,2020-09-25,3,ETR
2,2020-10-26,4,ETR
3,2020-11-25,4,ETR
4,2020-12-28,2,ETR
0,2020-08-26,4,ETSY
1,2020-09-25,2,ETSY
2,2020-10-26,5,ETSY
3,2020-11-25,4,ETSY
4,2020-12-28,5,ETSY
0,2020-08-26,1,EVRG
1,2020-09-25,3,EVRG
2,2020-10-26,4,EVRG
3,2020-11-25,3,EVRG
4,2020-12-28,3,EVRG
0,2020-08-26,4,EW
1,2020-09-25,2,EW
2,2020-10-26,3,EW
3,2020-11-25,4,EW
4,2020-12-28,4,EW
0,2020-08-26,3,EXC
1,2020-09-25,2,EXC
2,2020-10-26,4,EXC
3,2020-11-25,3,EXC
4,2020-12-28,3,EXC
0,2020-08-26,4,EXPD
1,2020-09-25,4,EXPD
2,2020-10-26,4,EXPD
3,2020-11-25,2,EXPD
4,2020-12-28,4,EXPD
0,2020-08-26,4,EXPE
1,2020-09-25,3,EXPE
2,2020-10-26,3,EXPE
3,2020-11-25,5,EXPE
4,2020-12-28,4,EXPE
0,2020-08-26,4,EXR
1,2020-09-25,3,EXR
2,2020-10-26,4,EXR
3,2020-11-25,2,EXR
4,2020-12-28,4,EXR
0,2020-08-26,3,F
1,2020-09-25,2,F
2,2020-10-26,5,F
3,2020-11-25,4,F
4,2020-12-28,2,F
0,2020-08-26,3,FANG
1,2020-09-25,1,FANG
2,2020-10-26,2,FANG
3,2020-11-25,5,FANG
4,2020-12-28,4,FANG
0,2020-08-26,4,FAST
1,2020-09-25,2,FAST
2,2020-10-26,3,FAST
3,2020-11-25,4,FAST
4,2020-12-28,3,FAST
0,2020-08-26,5,FB
1,2020-09-25,2,FB
2,2020-10-26,4,FB
3,2020-11-25,3,FB
4,2020-12-28,3,FB
0,2020-08-26,4,FBHS
1,2020-09-25,3,FBHS
2,2020-10-26,3,FBHS
3,2020-11-25,4,FBHS
4,2020-12-28,3,FBHS
0,2020-08-26,4,FCX
1,2020-09-25,3,FCX
2,2020-10-26,4,FCX
3,2020-11-25,5,FCX
4,2020-12-28,4,FCX
0,2020-08-26,5,FDX
1,2020-09-25,4,FDX
2,2020-10-26,4,FDX
3,2020-11-25,4,FDX
4,2020-12-28,2,FDX
0,2020-08-26,2,FE
1,2020-09-25,3,FE
2,2020-10-26,4,FE
3,2020-11-25,2,FE
4,2020-12-28,4,FE
0,2020-08-26,2,FFIV
1,2020-09-25,2,FFIV
2,2020-10-26,4,FFIV
3,2020-11-25,5,FFIV
4,2020-12-28,4,FFIV
0,2020-08-26,4,FIS
1,2020-09-25,3,FIS
2,2020-10-26,2,FIS
3,2020-11-25,4,FIS
4,2020-12-28,2,FIS
0,2020-08-26,2,FISV
1,2020-09-25,4,FISV
2,2020-10-26,2,FISV
3,2020-11-25,4,FISV
4,2020-12-28,3,FISV
0,2020-08-26,4,FITB
1,2020-09-25,3,FITB
2,2020-10-26,4,FITB
3,2020-11-25,4,FITB
4,2020-12-28,4,FITB
0,2020-08-26,2,FLIR
1,2020-09-25,3,FLIR
2,2020-10-26,3,FLIR
3,2020-11-25,4,FLIR
4,2020-12-28,4,FLIR
0,2020-08-26,2,FLS
1,2020-09-25,2,FLS
2,2020-10-26,4,FLS
3,2020-11-25,4,FLS
4,2020-12-28,4,FLS
0,2020-08-26,2,FLT
1,2020-09-25,2,FLT
2,2020-10-26,3,FLT
3,2020-11-25,4,FLT
4,2020-12-28,3,FLT
0,2020-08-26,3,FMC
1,2020-09-25,2,FMC
2,2020-10-26,3,FMC
3,2020-11-25,4,FMC
4,2020-12-28,3,FMC
0,2020-08-26,4,FOX
1,2020-09-25,3,FOX
2,2020-10-26,3,FOX
3,2020-11-25,4,FOX
4,2020-12-28,3,FOX
0,2020-08-26,4,FOXA
1,2020-09-25,3,FOXA
2,2020-10-26,3,FOXA
3,2020-11-25,4,FOXA
4,2020-12-28,3,FOXA
0,2020-08-26,3,FRC
1,2020-09-25,2,FRC
2,2020-10-26,4,FRC
3,2020-11-25,4,FRC
4,2020-12-28,4,FRC
0,2020-08-26,4,FRT
1,2020-09-25,2,FRT
2,2020-10-26,2,FRT
3,2020-11-25,5,FRT
4,2020-12-28,2,FRT
0,2020-08-26,2,FTI
1,2020-09-25,2,FTI
2,2020-10-26,2,FTI
3,2020-11-25,5,FTI
4,2020-12-28,4,FTI
0,2020-08-26,3,FTNT
1,2020-09-25,2,FTNT
2,2020-10-26,4,FTNT
3,2020-11-25,3,FTNT
4,2020-12-28,5,FTNT
0,2020-08-26,3,FTV
1,2020-09-25,4,FTV
2,2020-10-26,3,FTV
3,2020-11-25,4,FTV
4,2020-12-28,3,FTV
0,2020-08-26,3,GD
1,2020-09-25,2,GD
2,2020-10-26,3,GD
3,2020-11-25,4,GD
4,2020-12-28,3,GD
0,2020-08-26,2,GE
1,2020-09-25,2,GE
2,2020-10-26,4,GE
3,2020-11-25,5,GE
4,2020-12-28,3,GE
0,2020-08-26,2,GILD
1,2020-09-25,2,GILD
2,2020-10-26,2,GILD
3,2020-11-25,3,GILD
4,2020-12-28,3,GILD
0,2020-08-26,3,GIS
1,2020-09-25,2,GIS
2,2020-10-26,4,GIS
3,2020-11-25,3,GIS
4,2020-12-28,3,GIS
0,2020-08-26,4,GL
1,2020-09-25,2,GL
2,2020-10-26,4,GL
3,2020-11-25,4,GL
4,2020-12-28,3,GL
0,2020-08-26,4,GLW
1,2020-09-25,2,GLW
2,2020-10-26,4,GLW
3,2020-11-25,4,GLW
4,2020-12-28,2,GLW
0,2020-08-26,4,GM
1,2020-09-25,3,GM
2,2020-10-26,5,GM
3,2020-11-25,5,GM
4,2020-12-28,2,GM
0,2020-08-26,4,GOOG
1,2020-09-25,2,GOOG
2,2020-10-26,4,GOOG
3,2020-11-25,4,GOOG
4,2020-12-28,3,GOOG
0,2020-08-26,4,GOOGL
1,2020-09-25,2,GOOGL
2,2020-10-26,4,GOOGL
3,2020-11-25,4,GOOGL
4,2020-12-28,3,GOOGL
0,2020-08-26,4,GPC
1,2020-09-25,3,GPC
2,2020-10-26,3,GPC
3,2020-11-25,4,GPC
4,2020-12-28,3,GPC
0,2020-08-26,3,GPN
1,2020-09-25,3,GPN
2,2020-10-26,2,GPN
3,2020-11-25,4,GPN
4,2020-12-28,4,GPN
0,2020-08-26,5,GPS
1,2020-09-25,2,GPS
2,2020-10-26,5,GPS
3,2020-11-25,4,GPS
4,2020-12-28,2,GPS
0,2020-08-26,4,GRMN
1,2020-09-25,2,GRMN
2,2020-10-26,4,GRMN
3,2020-11-25,4,GRMN
4,2020-12-28,4,GRMN
0,2020-08-26,3,GS
1,2020-09-25,2,GS
2,2020-10-26,3,GS
3,2020-11-25,4,GS
4,2020-12-28,4,GS
0,2020-08-26,4,GWW
1,2020-09-25,2,GWW
2,2020-10-26,3,GWW
3,2020-11-25,4,GWW
4,2020-12-28,3,GWW
0,2020-08-26,4,HAL
1,2020-09-25,1,HAL
2,2020-10-26,3,HAL
3,2020-11-25,5,HAL
4,2020-12-28,4,HAL
0,2020-08-26,4,HAS
1,2020-09-25,2,HAS
2,2020-10-26,4,HAS
3,2020-11-25,4,HAS
4,2020-12-28,3,HAS
0,2020-08-26,3,HBAN
1,2020-09-25,2,HBAN
2,2020-10-26,4,HBAN
3,2020-11-25,5,HBAN
4,2020-12-28,3,HBAN
0,2020-08-26,4,HBI
1,2020-09-25,3,HBI
2,2020-10-26,4,HBI
3,2020-11-25,2,HBI
4,2020-12-28,3,HBI
0,2020-08-26,4,HCA
1,2020-09-25,2,HCA
2,2020-10-26,4,HCA
3,2020-11-25,4,HCA
4,2020-12-28,4,HCA
0,2020-08-26,4,HD
1,2020-09-25,2,HD
2,2020-10-26,4,HD
3,2020-11-25,3,HD
4,2020-12-28,3,HD
0,2020-08-26,2,HES
1,2020-09-25,2,HES
2,2020-10-26,2,HES
3,2020-11-25,5,HES
4,2020-12-28,3,HES
0,2020-08-26,3,HFC
1,2020-09-25,1,HFC
2,2020-10-26,2,HFC
3,2020-11-25,5,HFC
4,2020-12-28,3,HFC
0,2020-08-26,3,HIG
1,2020-09-25,2,HIG
2,2020-10-26,4,HIG
3,2020-11-25,4,HIG
4,2020-12-28,4,HIG
0,2020-08-26,2,HII
1,2020-09-25,2,HII
2,2020-10-26,4,HII
3,2020-11-25,4,HII
4,2020-12-28,3,HII
0,2020-08-26,4,HLT
1,2020-09-25,3,HLT
2,2020-10-26,3,HLT
3,2020-11-25,4,HLT
4,2020-12-28,4,HLT
0,2020-08-26,4,HOLX
1,2020-09-25,3,HOLX
2,2020-10-26,4,HOLX
3,2020-11-25,3,HOLX
4,2020-12-28,4,HOLX
0,2020-08-26,4,HON
1,2020-09-25,3,HON
2,2020-10-26,4,HON
3,2020-11-25,5,HON
4,2020-12-28,3,HON
0,2020-08-26,3,HPE
1,2020-09-25,2,HPE
2,2020-10-26,2,HPE
3,2020-11-25,5,HPE
4,2020-12-28,4,HPE
0,2020-08-26,3,HPQ
1,2020-09-25,3,HPQ
2,2020-10-26,3,HPQ
3,2020-11-25,5,HPQ
4,2020-12-28,4,HPQ
0,2020-08-26,3,HRL
1,2020-09-25,2,HRL
2,2020-10-26,3,HRL
3,2020-11-25,2,HRL
4,2020-12-28,3,HRL
0,2020-08-26,3,HSIC
1,2020-09-25,2,HSIC
2,2020-10-26,4,HSIC
3,2020-11-25,2,HSIC
4,2020-12-28,4,HSIC
0,2020-08-26,4,HST
1,2020-09-25,2,HST
2,2020-10-26,3,HST
3,2020-11-25,5,HST
4,2020-12-28,3,HST
0,2020-08-26,3,HSY
1,2020-09-25,2,HSY
2,2020-10-26,3,HSY
3,2020-11-25,4,HSY
4,2020-12-28,3,HSY
0,2020-08-26,4,HUM
1,2020-09-25,3,HUM
2,2020-10-26,4,HUM
3,2020-11-25,2,HUM
4,2020-12-28,3,HUM
0,2020-08-26,4,HWM
1,2020-09-25,2,HWM
2,2020-10-26,4,HWM
3,2020-11-25,5,HWM
4,2020-12-28,4,HWM
0,2020-08-26,3,IBM
1,2020-09-25,2,IBM
2,2020-10-26,2,IBM
3,2020-11-25,4,IBM
4,2020-12-28,3,IBM
0,2020-08-26,4,ICE
1,2020-09-25,2,ICE
2,2020-10-26,3,ICE
3,2020-11-25,4,ICE
4,2020-12-28,4,ICE
0,2020-08-26,4,IDXX
1,2020-09-25,3,IDXX
2,2020-10-26,4,IDXX
3,2020-11-25,4,IDXX
4,2020-12-28,4,IDXX
0,2020-08-26,4,IEX
1,2020-09-25,3,IEX
2,2020-10-26,4,IEX
3,2020-11-25,3,IEX
4,2020-12-28,4,IEX
0,2020-08-26,2,IFF
1,2020-09-25,2,IFF
2,2020-10-26,2,IFF
3,2020-11-25,4,IFF
4,2020-12-28,3,IFF
0,2020-08-26,2,ILMN
1,2020-09-25,2,ILMN
2,2020-10-26,4,ILMN
3,2020-11-25,2,ILMN
4,2020-12-28,5,ILMN
0,2020-08-26,2,INCY
1,2020-09-25,2,INCY
2,2020-10-26,3,INCY
3,2020-11-25,2,INCY
4,2020-12-28,4,INCY
0,2020-08-26,3,INFO
1,2020-09-25,2,INFO
2,2020-10-26,4,INFO
3,2020-11-25,4,INFO
4,2020-12-28,3,INFO
0,2020-08-26,3,INTC
1,2020-09-25,3,INTC
2,2020-10-26,2,INTC
3,2020-11-25,3,INTC
4,2020-12-28,4,INTC
0,2020-08-26,4,INTU
1,2020-09-25,2,INTU
2,2020-10-26,4,INTU
3,2020-11-25,4,INTU
4,2020-12-28,4,INTU
0,2020-08-26,3,IP
1,2020-09-25,4,IP
2,2020-10-26,4,IP
3,2020-11-25,4,IP
4,2020-12-28,3,IP
0,2020-08-26,2,IPG
1,2020-09-25,2,IPG
2,2020-10-26,4,IPG
3,2020-11-25,5,IPG
4,2020-12-28,3,IPG
0,2020-08-26,2,IPGP
1,2020-09-25,4,IPGP
2,2020-10-26,5,IPGP
3,2020-11-25,4,IPGP
4,2020-12-28,4,IPGP
0,2020-08-26,3,IQV
1,2020-09-25,2,IQV
2,2020-10-26,4,IQV
3,2020-11-25,4,IQV
4,2020-12-28,4,IQV
0,2020-08-26,4,IR
1,2020-09-25,3,IR
2,2020-10-26,3,IR
3,2020-11-25,5,IR
4,2020-12-28,3,IR
0,2020-08-26,4,IRM
1,2020-09-25,2,IRM
2,2020-10-26,3,IRM
3,2020-11-25,3,IRM
4,2020-12-28,4,IRM
0,2020-08-26,3,ISRG
1,2020-09-25,2,ISRG
2,2020-10-26,4,ISRG
3,2020-11-25,3,ISRG
4,2020-12-28,4,ISRG
0,2020-08-26,4,IT
1,2020-09-25,2,IT
2,2020-10-26,3,IT
3,2020-11-25,5,IT
4,2020-12-28,4,IT
0,2020-08-26,4,ITW
1,2020-09-25,2,ITW
2,2020-10-26,4,ITW
3,2020-11-25,4,ITW
4,2020-12-28,3,ITW
0,2020-08-26,3,IVZ
1,2020-09-25,3,IVZ
2,2020-10-26,5,IVZ
3,2020-11-25,5,IVZ
4,2020-12-28,3,IVZ
0,2020-08-26,4,J
1,2020-09-25,3,J
2,2020-10-26,4,J
3,2020-11-25,4,J
4,2020-12-28,3,J
0,2020-08-26,4,JBHT
1,2020-09-25,2,JBHT
2,2020-10-26,3,JBHT
3,2020-11-25,4,JBHT
4,2020-12-28,3,JBHT
0,2020-08-26,4,JCI
1,2020-09-25,3,JCI
2,2020-10-26,4,JCI
3,2020-11-25,4,JCI
4,2020-12-28,3,JCI
0,2020-08-26,2,JKHY
1,2020-09-25,2,JKHY
2,2020-10-26,2,JKHY
3,2020-11-25,3,JKHY
4,2020-12-28,3,JKHY
0,2020-08-26,4,JNJ
1,2020-09-25,2,JNJ
2,2020-10-26,3,JNJ
3,2020-11-25,3,JNJ
4,2020-12-28,4,JNJ
0,2020-08-26,2,JNPR
1,2020-09-25,2,JNPR
2,2020-10-26,3,JNPR
3,2020-11-25,3,JNPR
4,2020-12-28,4,JNPR
0,2020-08-26,3,JPM
1,2020-09-25,2,JPM
2,2020-10-26,4,JPM
3,2020-11-25,5,JPM
4,2020-12-28,4,JPM
0,2020-08-26,3,K
1,2020-09-25,2,K
2,2020-10-26,3,K
3,2020-11-25,2,K
4,2020-12-28,3,K
0,2020-08-26,3,KEY
1,2020-09-25,2,KEY
2,2020-10-26,4,KEY
3,2020-11-25,5,KEY
4,2020-12-28,3,KEY
0,2020-08-26,3,KEYS
1,2020-09-25,3,KEYS
2,2020-10-26,4,KEYS
3,2020-11-25,4,KEYS
4,2020-12-28,4,KEYS
0,2020-08-26,3,KHC
1,2020-09-25,2,KHC
2,2020-10-26,4,KHC
3,2020-11-25,4,KHC
4,2020-12-28,4,KHC
0,2020-08-26,4,KIM
1,2020-09-25,3,KIM
2,2020-10-26,2,KIM
3,2020-11-25,5,KIM
4,2020-12-28,3,KIM
0,2020-08-26,4,KLAC
1,2020-09-25,2,KLAC
2,2020-10-26,4,KLAC
3,2020-11-25,5,KLAC
4,2020-12-28,4,KLAC
0,2020-08-26,4,KMB
1,2020-09-25,2,KMB
2,2020-10-26,2,KMB
3,2020-11-25,4,KMB
4,2020-12-28,2,KMB
0,2020-08-26,3,KMI
1,2020-09-25,2,KMI
2,2020-10-26,3,KMI
3,2020-11-25,5,KMI
4,2020-12-28,2,KMI
0,2020-08-26,4,KMX
1,2020-09-25,2,KMX
2,2020-10-26,2,KMX
3,2020-11-25,4,KMX
4,2020-12-28,3,KMX
0,2020-08-26,3,KO
1,2020-09-25,3,KO
2,2020-10-26,3,KO
3,2020-11-25,4,KO
4,2020-12-28,4,KO
0,2020-08-26,4,KR
1,2020-09-25,2,KR
2,2020-10-26,2,KR
3,2020-11-25,3,KR
4,2020-12-28,3,KR
0,2020-08-26,4,KSU
1,2020-09-25,3,KSU
2,2020-10-26,2,KSU
3,2020-11-25,4,KSU
4,2020-12-28,4,KSU
0,2020-08-26,3,L
1,2020-09-25,2,L
2,2020-10-26,3,L
3,2020-11-25,5,L
4,2020-12-28,3,L
0,2020-08-26,5,LB
1,2020-09-25,3,LB
2,2020-10-26,4,LB
3,2020-11-25,4,LB
4,2020-12-28,2,LB
0,2020-08-26,3,LDOS
1,2020-09-25,3,LDOS
2,2020-10-26,2,LDOS
3,2020-11-25,5,LDOS
4,2020-12-28,3,LDOS
0,2020-08-26,4,LEG
1,2020-09-25,3,LEG
2,2020-10-26,3,LEG
3,2020-11-25,4,LEG
4,2020-12-28,3,LEG
0,2020-08-26,4,LEN
1,2020-09-25,3,LEN
2,2020-10-26,2,LEN
3,2020-11-25,3,LEN
4,2020-12-28,3,LEN
0,2020-08-26,2,LH
1,2020-09-25,3,LH
2,2020-10-26,4,LH
3,2020-11-25,3,LH
4,2020-12-28,4,LH
0,2020-08-26,4,LHX
1,2020-09-25,3,LHX
2,2020-10-26,2,LHX
3,2020-11-25,4,LHX
4,2020-12-28,2,LHX
0,2020-08-26,3,LIN
1,2020-09-25,2,LIN
2,2020-10-26,2,LIN
3,2020-11-25,4,LIN
4,2020-12-28,4,LIN
0,2020-08-26,4,LKQ
1,2020-09-25,2,LKQ
2,2020-10-26,4,LKQ
3,2020-11-25,4,LKQ
4,2020-12-28,3,LKQ
0,2020-08-26,2,LLY
1,2020-09-25,3,LLY
2,2020-10-26,2,LLY
3,2020-11-25,3,LLY
4,2020-12-28,4,LLY
0,2020-08-26,4,LMT
1,2020-09-25,3,LMT
2,2020-10-26,2,LMT
3,2020-11-25,3,LMT
4,2020-12-28,2,LMT
0,2020-08-26,3,LNC
1,2020-09-25,2,LNC
2,2020-10-26,4,LNC
3,2020-11-25,5,LNC
4,2020-12-28,3,LNC
0,2020-08-26,3,LNT
1,2020-09-25,2,LNT
2,2020-10-26,4,LNT
3,2020-11-25,2,LNT
4,2020-12-28,2,LNT
0,2020-08-26,4,LOW
1,2020-09-25,2,LOW
2,2020-10-26,4,LOW
3,2020-11-25,2,LOW
4,2020-12-28,4,LOW
0,2020-08-26,3,LRCX
1,2020-09-25,2,LRCX
2,2020-10-26,4,LRCX
3,2020-11-25,5,LRCX
4,2020-12-28,4,LRCX
0,2020-08-26,1,LUMN
1,2020-09-25,1,LUMN
2,2020-10-26,2,LUMN
3,2020-11-25,4,LUMN
4,2020-12-28,2,LUMN
0,2020-08-26,4,LUV
1,2020-09-25,3,LUV
2,2020-10-26,4,LUV
3,2020-11-25,4,LUV
4,2020-12-28,2,LUV
0,2020-08-26,4,LVS
1,2020-09-25,2,LVS
2,2020-10-26,3,LVS
3,2020-11-25,4,LVS
4,2020-12-28,4,LVS
0,2020-08-26,2,LW
1,2020-09-25,4,LW
2,2020-10-26,3,LW
3,2020-11-25,4,LW
4,2020-12-28,4,LW
0,2020-08-26,3,LYB
1,2020-09-25,3,LYB
2,2020-10-26,4,LYB
3,2020-11-25,4,LYB
4,2020-12-28,4,LYB
0,2020-08-26,4,LYV
1,2020-09-25,3,LYV
2,2020-10-26,3,LYV
3,2020-11-25,5,LYV
4,2020-12-28,4,LYV
0,2020-08-26,4,MA
1,2020-09-25,2,MA
2,2020-10-26,2,MA
3,2020-11-25,4,MA
4,2020-12-28,4,MA
0,2020-08-26,4,MAA
1,2020-09-25,3,MAA
2,2020-10-26,3,MAA
3,2020-11-25,4,MAA
4,2020-12-28,3,MAA
0,2020-08-26,4,MAR
1,2020-09-25,2,MAR
2,2020-10-26,3,MAR
3,2020-11-25,5,MAR
4,2020-12-28,3,MAR
0,2020-08-26,4,MAS
1,2020-09-25,2,MAS
2,2020-10-26,3,MAS
3,2020-11-25,3,MAS
4,2020-12-28,3,MAS
0,2020-08-26,4,MCD
1,2020-09-25,3,MCD
2,2020-10-26,3,MCD
3,2020-11-25,3,MCD
4,2020-12-28,3,MCD
0,2020-08-26,4,MCHP
1,2020-09-25,2,MCHP
2,2020-10-26,4,MCHP
3,2020-11-25,5,MCHP
4,2020-12-28,4,MCHP
0,2020-08-26,2,MCK
1,2020-09-25,3,MCK
2,2020-10-26,3,MCK
3,2020-11-25,4,MCK
4,2020-12-28,3,MCK
0,2020-08-26,3,MCO
1,2020-09-25,2,MCO
2,2020-10-26,2,MCO
3,2020-11-25,4,MCO
4,2020-12-28,4,MCO
0,2020-08-26,4,MDLZ
1,2020-09-25,2,MDLZ
2,2020-10-26,3,MDLZ
3,2020-11-25,4,MDLZ
4,2020-12-28,3,MDLZ
0,2020-08-26,4,MDT
1,2020-09-25,3,MDT
2,2020-10-26,3,MDT
3,2020-11-25,4,MDT
4,2020-12-28,4,MDT
0,2020-08-26,3,MET
1,2020-09-25,2,MET
2,2020-10-26,4,MET
3,2020-11-25,5,MET
4,2020-12-28,3,MET
0,2020-08-26,5,MGM
1,2020-09-25,3,MGM
2,2020-10-26,2,MGM
3,2020-11-25,5,MGM
4,2020-12-28,4,MGM
0,2020-08-26,4,MHK
1,2020-09-25,3,MHK
2,2020-10-26,4,MHK
3,2020-11-25,5,MHK
4,2020-12-28,4,MHK
0,2020-08-26,4,MKC
1,2020-09-25,2,MKC
2,2020-10-26,3,MKC
3,2020-11-25,2,MKC
4,2020-12-28,4,MKC
0,2020-08-26,2,MKTX
1,2020-09-25,2,MKTX
2,2020-10-26,5,MKTX
3,2020-11-25,2,MKTX
4,2020-12-28,4,MKTX
0,2020-08-26,2,MLM
1,2020-09-25,4,MLM
2,2020-10-26,4,MLM
3,2020-11-25,4,MLM
4,2020-12-28,4,MLM
0,2020-08-26,3,MMC
1,2020-09-25,3,MMC
2,2020-10-26,3,MMC
3,2020-11-25,4,MMC
4,2020-12-28,3,MMC
0,2020-08-26,4,MNST
1,2020-09-25,2,MNST
2,2020-10-26,3,MNST
3,2020-11-25,4,MNST
4,2020-12-28,4,MNST
0,2020-08-26,3,MO
1,2020-09-25,2,MO
2,2020-10-26,3,MO
3,2020-11-25,4,MO
4,2020-12-28,4,MO
0,2020-08-26,5,MOS
1,2020-09-25,3,MOS
2,2020-10-26,3,MOS
3,2020-11-25,5,MOS
4,2020-12-28,3,MOS
0,2020-08-26,2,MPC
1,2020-09-25,2,MPC
2,2020-10-26,3,MPC
3,2020-11-25,5,MPC
4,2020-12-28,3,MPC
0,2020-08-26,4,MRK
1,2020-09-25,3,MRK
2,2020-10-26,2,MRK
3,2020-11-25,3,MRK
4,2020-12-28,3,MRK
0,2020-08-26,2,MRO
1,2020-09-25,1,MRO
2,2020-10-26,3,MRO
3,2020-11-25,5,MRO
4,2020-12-28,4,MRO
0,2020-08-26,3,MS
1,2020-09-25,2,MS
2,2020-10-26,4,MS
3,2020-11-25,5,MS
4,2020-12-28,4,MS
0,2020-08-26,2,MSCI
1,2020-09-25,2,MSCI
2,2020-10-26,3,MSCI
3,2020-11-25,4,MSCI
4,2020-12-28,4,MSCI
0,2020-08-26,4,MSFT
1,2020-09-25,2,MSFT
2,2020-10-26,3,MSFT
3,2020-11-25,3,MSFT
4,2020-12-28,4,MSFT
0,2020-08-26,4,MSI
1,2020-09-25,3,MSI
2,2020-10-26,4,MSI
3,2020-11-25,3,MSI
4,2020-12-28,3,MSI
0,2020-08-26,3,MTB
1,2020-09-25,2,MTB
2,2020-10-26,4,MTB
3,2020-11-25,4,MTB
4,2020-12-28,4,MTB
0,2020-08-26,4,MTD
1,2020-09-25,3,MTD
2,2020-10-26,4,MTD
3,2020-11-25,4,MTD
4,2020-12-28,3,MTD
0,2020-08-26,2,MU
1,2020-09-25,4,MU
2,2020-10-26,4,MU
3,2020-11-25,5,MU
4,2020-12-28,4,MU
0,2020-08-26,3,MXIM
1,2020-09-25,2,MXIM
2,2020-10-26,4,MXIM
3,2020-11-25,4,MXIM
4,2020-12-28,4,MXIM
0,2020-08-26,4,NCLH
1,2020-09-25,4,NCLH
2,2020-10-26,3,NCLH
3,2020-11-25,5,NCLH
4,2020-12-28,4,NCLH
0,2020-08-26,3,NDAQ
1,2020-09-25,2,NDAQ
2,2020-10-26,3,NDAQ
3,2020-11-25,3,NDAQ
4,2020-12-28,4,NDAQ
0,2020-08-26,3,NEE
1,2020-09-25,3,NEE
2,2020-10-26,4,NEE
3,2020-11-25,3,NEE
4,2020-12-28,3,NEE
0,2020-08-26,2,NEM
1,2020-09-25,2,NEM
2,2020-10-26,3,NEM
3,2020-11-25,2,NEM
4,2020-12-28,4,NEM
0,2020-08-26,4,NFLX
1,2020-09-25,2,NFLX
2,2020-10-26,3,NFLX
3,2020-11-25,3,NFLX
4,2020-12-28,4,NFLX
0,2020-08-26,2,NI
1,2020-09-25,3,NI
2,2020-10-26,4,NI
3,2020-11-25,4,NI
4,2020-12-28,2,NI
0,2020-08-26,4,NKE
1,2020-09-25,4,NKE
2,2020-10-26,4,NKE
3,2020-11-25,4,NKE
4,2020-12-28,4,NKE
0,2020-08-26,4,NLOK
1,2020-09-25,2,NLOK
2,2020-10-26,3,NLOK
3,2020-11-25,2,NLOK
4,2020-12-28,4,NLOK
0,2020-08-26,3,NLSN
1,2020-09-25,2,NLSN
2,2020-10-26,4,NLSN
3,2020-11-25,5,NLSN
4,2020-12-28,5,NLSN
0,2020-08-26,4,NOC
1,2020-09-25,2,NOC
2,2020-10-26,2,NOC
3,2020-11-25,3,NOC
4,2020-12-28,3,NOC
0,2020-08-26,2,NOV
1,2020-09-25,1,NOV
2,2020-10-26,2,NOV
3,2020-11-25,5,NOV
4,2020-12-28,3,NOV
0,2020-08-26,4,NOW
1,2020-09-25,3,NOW
2,2020-10-26,4,NOW
3,2020-11-25,4,NOW
4,2020-12-28,4,NOW
0,2020-08-26,3,NRG
1,2020-09-25,2,NRG
2,2020-10-26,4,NRG
3,2020-11-25,2,NRG
4,2020-12-28,4,NRG
0,2020-08-26,4,NSC
1,2020-09-25,3,NSC
2,2020-10-26,2,NSC
3,2020-11-25,4,NSC
4,2020-12-28,3,NSC
0,2020-08-26,2,NTAP
1,2020-09-25,3,NTAP
2,2020-10-26,4,NTAP
3,2020-11-25,4,NTAP
4,2020-12-28,5,NTAP
0,2020-08-26,4,NTRS
1,2020-09-25,2,NTRS
2,2020-10-26,4,NTRS
3,2020-11-25,4,NTRS
4,2020-12-28,2,NTRS
0,2020-08-26,4,NUE
1,2020-09-25,3,NUE
2,2020-10-26,4,NUE
3,2020-11-25,4,NUE
4,2020-12-28,3,NUE
0,2020-08-26,5,NVDA
1,2020-09-25,3,NVDA
2,2020-10-26,4,NVDA
3,2020-11-25,3,NVDA
4,2020-12-28,3,NVDA
0,2020-08-26,4,NVR
1,2020-09-25,2,NVR
2,2020-10-26,3,NVR
3,2020-11-25,3,NVR
4,2020-12-28,3,NVR
0,2020-08-26,2,NWL
1,2020-09-25,4,NWL
2,2020-10-26,3,NWL
3,2020-11-25,5,NWL
4,2020-12-28,3,NWL
0,2020-08-26,4,NWS
1,2020-09-25,2,NWS
2,2020-10-26,2,NWS
3,2020-11-25,5,NWS
4,2020-12-28,3,NWS
0,2020-08-26,4,NWSA
1,2020-09-25,2,NWSA
2,2020-10-26,2,NWSA
3,2020-11-25,5,NWSA
4,2020-12-28,3,NWSA
0,2020-08-26,4,O
1,2020-09-25,3,O
2,2020-10-26,3,O
3,2020-11-25,4,O
4,2020-12-28,3,O
0,2020-08-26,4,ODFL
1,2020-09-25,2,ODFL
2,2020-10-26,4,ODFL
3,2020-11-25,3,ODFL
4,2020-12-28,2,ODFL
0,2020-08-26,3,OKE
1,2020-09-25,2,OKE
2,2020-10-26,4,OKE
3,2020-11-25,5,OKE
4,2020-12-28,3,OKE
0,2020-08-26,2,OMC
1,2020-09-25,2,OMC
2,2020-10-26,3,OMC
3,2020-11-25,5,OMC
4,2020-12-28,3,OMC
0,2020-08-26,4,ORCL
1,2020-09-25,4,ORCL
2,2020-10-26,2,ORCL
3,2020-11-25,3,ORCL
4,2020-12-28,4,ORCL
0,2020-08-26,3,ORLY
1,2020-09-25,2,ORLY
2,2020-10-26,3,ORLY
3,2020-11-25,3,ORLY
4,2020-12-28,3,ORLY
0,2020-08-26,4,OTIS
1,2020-09-25,2,OTIS
2,2020-10-26,3,OTIS
3,2020-11-25,4,OTIS
4,2020-12-28,3,OTIS
0,2020-08-26,1,OXY
1,2020-09-25,1,OXY
2,2020-10-26,2,OXY
3,2020-11-25,5,OXY
4,2020-12-28,4,OXY
0,2020-08-26,3,PAYC
1,2020-09-25,2,PAYC
2,2020-10-26,5,PAYC
3,2020-11-25,4,PAYC
4,2020-12-28,4,PAYC
0,2020-08-26,4,PAYX
1,2020-09-25,3,PAYX
2,2020-10-26,4,PAYX
3,2020-11-25,4,PAYX
4,2020-12-28,3,PAYX
0,2020-08-26,2,PBCT
1,2020-09-25,2,PBCT
2,2020-10-26,4,PBCT
3,2020-11-25,5,PBCT
4,2020-12-28,3,PBCT
0,2020-08-26,3,PCAR
1,2020-09-25,2,PCAR
2,2020-10-26,4,PCAR
3,2020-11-25,3,PCAR
4,2020-12-28,3,PCAR
0,2020-08-26,4,PEAK
1,2020-09-25,3,PEAK
2,2020-10-26,3,PEAK
3,2020-11-25,4,PEAK
4,2020-12-28,3,PEAK
0,2020-08-26,3,PEG
1,2020-09-25,4,PEG
2,2020-10-26,4,PEG
3,2020-11-25,3,PEG
4,2020-12-28,3,PEG
0,2020-08-26,3,PEP
1,2020-09-25,3,PEP
2,2020-10-26,4,PEP
3,2020-11-25,4,PEP
4,2020-12-28,4,PEP
0,2020-08-26,3,PFE
1,2020-09-25,2,PFE
2,2020-10-26,4,PFE
3,2020-11-25,3,PFE
4,2020-12-28,3,PFE
0,2020-08-26,3,PFG
1,2020-09-25,2,PFG
2,2020-10-26,3,PFG
3,2020-11-25,5,PFG
4,2020-12-28,2,PFG
0,2020-08-26,4,PG
1,2020-09-25,3,PG
2,2020-10-26,4,PG
3,2020-11-25,3,PG
4,2020-12-28,3,PG
0,2020-08-26,4,PGR
1,2020-09-25,3,PGR
2,2020-10-26,3,PGR
3,2020-11-25,2,PGR
4,2020-12-28,4,PGR
0,2020-08-26,4,PH
1,2020-09-25,2,PH
2,2020-10-26,4,PH
3,2020-11-25,5,PH
4,2020-12-28,3,PH
0,2020-08-26,4,PHM
1,2020-09-25,2,PHM
2,2020-10-26,2,PHM
3,2020-11-25,4,PHM
4,2020-12-28,2,PHM
0,2020-08-26,2,PKG
1,2020-09-25,4,PKG
2,2020-10-26,4,PKG
3,2020-11-25,4,PKG
4,2020-12-28,4,PKG
0,2020-08-26,4,PKI
1,2020-09-25,3,PKI
2,2020-10-26,4,PKI
3,2020-11-25,3,PKI
4,2020-12-28,4,PKI
0,2020-08-26,3,PLD
1,2020-09-25,3,PLD
2,2020-10-26,3,PLD
3,2020-11-25,3,PLD
4,2020-12-28,3,PLD
0,2020-08-26,3,PM
1,2020-09-25,2,PM
2,2020-10-26,2,PM
3,2020-11-25,4,PM
4,2020-12-28,4,PM
0,2020-08-26,4,PNC
1,2020-09-25,2,PNC
2,2020-10-26,4,PNC
3,2020-11-25,5,PNC
4,2020-12-28,4,PNC
0,2020-08-26,4,PNR
1,2020-09-25,3,PNR
2,2020-10-26,4,PNR
3,2020-11-25,4,PNR
4,2020-12-28,3,PNR
0,2020-08-26,2,PNW
1,2020-09-25,3,PNW
2,2020-10-26,4,PNW
3,2020-11-25,3,PNW
4,2020-12-28,2,PNW
0,2020-08-26,4,POOL
1,2020-09-25,2,POOL
2,2020-10-26,4,POOL
3,2020-11-25,2,POOL
4,2020-12-28,4,POOL
0,2020-08-26,4,PPG
1,2020-09-25,3,PPG
2,2020-10-26,4,PPG
3,2020-11-25,4,PPG
4,2020-12-28,3,PPG
0,2020-08-26,4,PPL
1,2020-09-25,3,PPL
2,2020-10-26,4,PPL
3,2020-11-25,3,PPL
4,2020-12-28,3,PPL
0,2020-08-26,2,PRGO
1,2020-09-25,2,PRGO
2,2020-10-26,3,PRGO
3,2020-11-25,4,PRGO
4,2020-12-28,2,PRGO
0,2020-08-26,4,PRU
1,2020-09-25,2,PRU
2,2020-10-26,3,PRU
3,2020-11-25,5,PRU
4,2020-12-28,3,PRU
0,2020-08-26,4,PSA
1,2020-09-25,4,PSA
2,2020-10-26,4,PSA
3,2020-11-25,2,PSA
4,2020-12-28,4,PSA
0,2020-08-26,2,PSX
1,2020-09-25,2,PSX
2,2020-10-26,2,PSX
3,2020-11-25,5,PSX
4,2020-12-28,4,PSX
0,2020-08-26,4,PVH
1,2020-09-25,4,PVH
2,2020-10-26,3,PVH
3,2020-11-25,5,PVH
4,2020-12-28,4,PVH
0,2020-08-26,5,PWR
1,2020-09-25,3,PWR
2,2020-10-26,4,PWR
3,2020-11-25,4,PWR
4,2020-12-28,4,PWR
0,2020-08-26,4,PXD
1,2020-09-25,2,PXD
2,2020-10-26,3,PXD
3,2020-11-25,5,PXD
4,2020-12-28,4,PXD
0,2020-08-26,4,PYPL
1,2020-09-25,2,PYPL
2,2020-10-26,4,PYPL
3,2020-11-25,4,PYPL
4,2020-12-28,4,PYPL
0,2020-08-26,5,QCOM
1,2020-09-25,3,QCOM
2,2020-10-26,4,QCOM
3,2020-11-25,4,QCOM
4,2020-12-28,4,QCOM
0,2020-08-26,4,QRVO
1,2020-09-25,2,QRVO
2,2020-10-26,4,QRVO
3,2020-11-25,4,QRVO
4,2020-12-28,4,QRVO
0,2020-08-26,5,RCL
1,2020-09-25,3,RCL
2,2020-10-26,2,RCL
3,2020-11-25,5,RCL
4,2020-12-28,2,RCL
0,2020-08-26,3,RE
1,2020-09-25,2,RE
2,2020-10-26,3,RE
3,2020-11-25,4,RE
4,2020-12-28,3,RE
0,2020-08-26,3,REG
1,2020-09-25,2,REG
2,2020-10-26,2,REG
3,2020-11-25,5,REG
4,2020-12-28,3,REG
0,2020-08-26,2,REGN
1,2020-09-25,2,REGN
2,2020-10-26,3,REGN
3,2020-11-25,2,REGN
4,2020-12-28,2,REGN
0,2020-08-26,4,RF
1,2020-09-25,3,RF
2,2020-10-26,4,RF
3,2020-11-25,4,RF
4,2020-12-28,4,RF
0,2020-08-26,4,RHI
1,2020-09-25,3,RHI
2,2020-10-26,2,RHI
3,2020-11-25,5,RHI
4,2020-12-28,2,RHI
0,2020-08-26,4,RJF
1,2020-09-25,2,RJF
2,2020-10-26,4,RJF
3,2020-11-25,4,RJF
4,2020-12-28,3,RJF
0,2020-08-26,2,RL
1,2020-09-25,4,RL
2,2020-10-26,4,RL
3,2020-11-25,4,RL
4,2020-12-28,4,RL
0,2020-08-26,2,RMD
1,2020-09-25,2,RMD
2,2020-10-26,4,RMD
3,2020-11-25,4,RMD
4,2020-12-28,4,RMD
0,2020-08-26,3,ROK
1,2020-09-25,2,ROK
2,2020-10-26,4,ROK
3,2020-11-25,4,ROK
4,2020-12-28,3,ROK
0,2020-08-26,4,ROL
1,2020-09-25,2,ROL
2,2020-10-26,4,ROL
3,2020-11-25,2,ROL
4,2020-12-28,4,ROL
0,2020-08-26,3,ROP
1,2020-09-25,2,ROP
2,2020-10-26,3,ROP
3,2020-11-25,3,ROP
4,2020-12-28,4,ROP
0,2020-08-26,4,ROST
1,2020-09-25,3,ROST
2,2020-10-26,4,ROST
3,2020-11-25,5,ROST
4,2020-12-28,4,ROST
0,2020-08-26,4,RSG
1,2020-09-25,3,RSG
2,2020-10-26,2,RSG
3,2020-11-25,4,RSG
4,2020-12-28,3,RSG
0,2020-08-26,3,RTX
1,2020-09-25,2,RTX
2,2020-10-26,3,RTX
3,2020-11-25,5,RTX
4,2020-12-28,2,RTX
0,2020-08-26,3,SBAC
1,2020-09-25,4,SBAC
2,2020-10-26,2,SBAC
3,2020-11-25,2,SBAC
4,2020-12-28,3,SBAC
0,2020-08-26,4,SBUX
1,2020-09-25,3,SBUX
2,2020-10-26,4,SBUX
3,2020-11-25,4,SBUX
4,2020-12-28,4,SBUX
0,2020-08-26,4,SCHW
1,2020-09-25,3,SCHW
2,2020-10-26,4,SCHW
3,2020-11-25,5,SCHW
4,2020-12-28,4,SCHW
0,2020-08-26,4,SEE
1,2020-09-25,2,SEE
2,2020-10-26,4,SEE
3,2020-11-25,4,SEE
4,2020-12-28,3,SEE
0,2020-08-26,4,SHW
1,2020-09-25,4,SHW
2,2020-10-26,2,SHW
3,2020-11-25,4,SHW
4,2020-12-28,3,SHW
0,2020-08-26,4,SIVB
1,2020-09-25,2,SIVB
2,2020-10-26,5,SIVB
3,2020-11-25,5,SIVB
4,2020-12-28,4,SIVB
0,2020-08-26,4,SJM
1,2020-09-25,2,SJM
2,2020-10-26,3,SJM
3,2020-11-25,4,SJM
4,2020-12-28,3,SJM
0,2020-08-26,2,SLB
1,2020-09-25,2,SLB
2,2020-10-26,2,SLB
3,2020-11-25,5,SLB
4,2020-12-28,3,SLB
0,2020-08-26,3,SLG
1,2020-09-25,3,SLG
2,2020-10-26,2,SLG
3,2020-11-25,5,SLG
4,2020-12-28,3,SLG
0,2020-08-26,3,SNA
1,2020-09-25,2,SNA
2,2020-10-26,4,SNA
3,2020-11-25,4,SNA
4,2020-12-28,3,SNA
0,2020-08-26,4,SNPS
1,2020-09-25,2,SNPS
2,2020-10-26,4,SNPS
3,2020-11-25,3,SNPS
4,2020-12-28,4,SNPS
0,2020-08-26,2,SO
1,2020-09-25,4,SO
2,2020-10-26,4,SO
3,2020-11-25,3,SO
4,2020-12-28,3,SO
0,2020-08-26,4,SPG
1,2020-09-25,2,SPG
2,2020-10-26,3,SPG
3,2020-11-25,5,SPG
4,2020-12-28,3,SPG
0,2020-08-26,4,SPGI
1,2020-09-25,2,SPGI
2,2020-10-26,2,SPGI
3,2020-11-25,3,SPGI
4,2020-12-28,3,SPGI
0,2020-08-26,3,SRE
1,2020-09-25,3,SRE
2,2020-10-26,4,SRE
3,2020-11-25,3,SRE
4,2020-12-28,3,SRE
0,2020-08-26,3,STE
1,2020-09-25,4,STE
2,2020-10-26,4,STE
3,2020-11-25,3,STE
4,2020-12-28,3,STE
0,2020-08-26,4,STT
1,2020-09-25,2,STT
2,2020-10-26,4,STT
3,2020-11-25,4,STT
4,2020-12-28,3,STT
0,2020-08-26,2,STX
1,2020-09-25,4,STX
2,2020-10-26,3,STX
3,2020-11-25,4,STX
4,2020-12-28,4,STX
0,2020-08-26,3,STZ
1,2020-09-25,3,STZ
2,2020-10-26,2,STZ
3,2020-11-25,4,STZ
4,2020-12-28,4,STZ
0,2020-08-26,3,SWK
1,2020-09-25,3,SWK
2,2020-10-26,4,SWK
3,2020-11-25,4,SWK
4,2020-12-28,2,SWK
0,2020-08-26,4,SWKS
1,2020-09-25,2,SWKS
2,2020-10-26,4,SWKS
3,2020-11-25,2,SWKS
4,2020-12-28,4,SWKS
0,2020-08-26,4,SYF
1,2020-09-25,3,SYF
2,2020-10-26,4,SYF
3,2020-11-25,4,SYF
4,2020-12-28,4,SYF
0,2020-08-26,2,SYK
1,2020-09-25,4,SYK
2,2020-10-26,4,SYK
3,2020-11-25,4,SYK
4,2020-12-28,4,SYK
0,2020-08-26,4,SYY
1,2020-09-25,4,SYY
2,2020-10-26,2,SYY
3,2020-11-25,4,SYY
4,2020-12-28,4,SYY
0,2020-08-26,3,T
1,2020-09-25,2,T
2,2020-10-26,3,T
3,2020-11-25,4,T
4,2020-12-28,3,T
0,2020-08-26,4,TAP
1,2020-09-25,2,TAP
2,2020-10-26,4,TAP
3,2020-11-25,5,TAP
4,2020-12-28,3,TAP
0,2020-08-26,4,TDG
1,2020-09-25,3,TDG
2,2020-10-26,2,TDG
3,2020-11-25,5,TDG
4,2020-12-28,3,TDG
0,2020-08-26,4,TDY
1,2020-09-25,3,TDY
2,2020-10-26,3,TDY
3,2020-11-25,4,TDY
4,2020-12-28,3,TDY
0,2020-08-26,4,TEL
1,2020-09-25,3,TEL
2,2020-10-26,4,TEL
3,2020-11-25,4,TEL
4,2020-12-28,4,TEL
0,2020-08-26,3,TER
1,2020-09-25,2,TER
2,2020-10-26,4,TER
3,2020-11-25,5,TER
4,2020-12-28,4,TER
0,2020-08-26,4,TFC
1,2020-09-25,2,TFC
2,2020-10-26,4,TFC
3,2020-11-25,4,TFC
4,2020-12-28,3,TFC
0,2020-08-26,3,TFX
1,2020-09-25,2,TFX
2,2020-10-26,4,TFX
3,2020-11-25,4,TFX
4,2020-12-28,4,TFX
0,2020-08-26,5,TGT
1,2020-09-25,3,TGT
2,2020-10-26,3,TGT
3,2020-11-25,4,TGT
4,2020-12-28,3,TGT
0,2020-08-26,3,TJX
1,2020-09-25,3,TJX
2,2020-10-26,3,TJX
3,2020-11-25,4,TJX
4,2020-12-28,4,TJX
0,2020-08-26,3,TMO
1,2020-09-25,3,TMO
2,2020-10-26,4,TMO
3,2020-11-25,2,TMO
4,2020-12-28,4,TMO
0,2020-08-26,4,TMUS
1,2020-09-25,2,TMUS
2,2020-10-26,3,TMUS
3,2020-11-25,4,TMUS
4,2020-12-28,4,TMUS
0,2020-08-26,4,TPR
1,2020-09-25,4,TPR
2,2020-10-26,5,TPR
3,2020-11-25,5,TPR
4,2020-12-28,4,TPR
0,2020-08-26,4,TRMB
1,2020-09-25,2,TRMB
2,2020-10-26,4,TRMB
3,2020-11-25,5,TRMB
4,2020-12-28,4,TRMB
0,2020-08-26,3,TROW
1,2020-09-25,2,TROW
2,2020-10-26,4,TROW
3,2020-11-25,3,TROW
4,2020-12-28,4,TROW
0,2020-08-26,3,TRV
1,2020-09-25,2,TRV
2,2020-10-26,4,TRV
3,2020-11-25,4,TRV
4,2020-12-28,4,TRV
0,2020-08-26,4,TSCO
1,2020-09-25,2,TSCO
2,2020-10-26,2,TSCO
3,2020-11-25,3,TSCO
4,2020-12-28,4,TSCO
0,2020-08-26,5,TSLA
1,2020-09-25,2,TSLA
2,2020-10-26,4,TSLA
3,2020-11-25,5,TSLA
4,2020-12-28,5,TSLA
0,2020-08-26,4,TSN
1,2020-09-25,2,TSN
2,2020-10-26,3,TSN
3,2020-11-25,4,TSN
4,2020-12-28,3,TSN
0,2020-08-26,4,TT
1,2020-09-25,3,TT
2,2020-10-26,4,TT
3,2020-11-25,4,TT
4,2020-12-28,3,TT
0,2020-08-26,4,TTWO
1,2020-09-25,2,TTWO
2,2020-10-26,3,TTWO
3,2020-11-25,4,TTWO
4,2020-12-28,4,TTWO
0,2020-08-26,4,TWTR
1,2020-09-25,4,TWTR
2,2020-10-26,4,TWTR
3,2020-11-25,2,TWTR
4,2020-12-28,4,TWTR
0,2020-08-26,4,TXN
1,2020-09-25,3,TXN
2,2020-10-26,4,TXN
3,2020-11-25,4,TXN
4,2020-12-28,4,TXN
0,2020-08-26,4,TXT
1,2020-09-25,2,TXT
2,2020-10-26,2,TXT
3,2020-11-25,5,TXT
4,2020-12-28,3,TXT
0,2020-08-26,2,TYL
1,2020-09-25,3,TYL
2,2020-10-26,4,TYL
3,2020-11-25,4,TYL
4,2020-12-28,4,TYL
0,2020-08-26,2,UA
1,2020-09-25,4,UA
2,2020-10-26,5,UA
3,2020-11-25,5,UA
4,2020-12-28,3,UA
0,2020-08-26,2,UAA
1,2020-09-25,4,UAA
2,2020-10-26,5,UAA
3,2020-11-25,5,UAA
4,2020-12-28,3,UAA
0,2020-08-26,4,UAL
1,2020-09-25,3,UAL
2,2020-10-26,3,UAL
3,2020-11-25,5,UAL
4,2020-12-28,2,UAL
0,2020-08-26,2,UDR
1,2020-09-25,2,UDR
2,2020-10-26,2,UDR
3,2020-11-25,5,UDR
4,2020-12-28,2,UDR
0,2020-08-26,3,UHS
1,2020-09-25,3,UHS
2,2020-10-26,4,UHS
3,2020-11-25,4,UHS
4,2020-12-28,4,UHS
0,2020-08-26,4,ULTA
1,2020-09-25,3,ULTA
2,2020-10-26,3,ULTA
3,2020-11-25,5,ULTA
4,2020-12-28,3,ULTA
0,2020-08-26,4,UNH
1,2020-09-25,3,UNH
2,2020-10-26,4,UNH
3,2020-11-25,4,UNH
4,2020-12-28,4,UNH
0,2020-08-26,4,UNM
1,2020-09-25,2,UNM
2,2020-10-26,4,UNM
3,2020-11-25,5,UNM
4,2020-12-28,3,UNM
0,2020-08-26,4,UNP
1,2020-09-25,3,UNP
2,2020-10-26,2,UNP
3,2020-11-25,4,UNP
4,2020-12-28,3,UNP
0,2020-08-26,5,UPS
1,2020-09-25,4,UPS
2,2020-10-26,3,UPS
3,2020-11-25,3,UPS
4,2020-12-28,3,UPS
0,2020-08-26,4,URI
1,2020-09-25,2,URI
2,2020-10-26,4,URI
3,2020-11-25,5,URI
4,2020-12-28,3,URI
0,2020-08-26,3,USB
1,2020-09-25,3,USB
2,2020-10-26,4,USB
3,2020-11-25,4,USB
4,2020-12-28,4,USB
0,2020-08-26,4,V
1,2020-09-25,2,V
2,2020-10-26,2,V
3,2020-11-25,4,V
4,2020-12-28,4,V
0,2020-08-26,5,VAR
1,2020-09-25,3,VAR
2,2020-10-26,3,VAR
3,2020-11-25,3,VAR
4,2020-12-28,3,VAR
0,2020-08-26,4,VFC
1,2020-09-25,4,VFC
2,2020-10-26,3,VFC
3,2020-11-25,4,VFC
4,2020-12-28,3,VFC
0,2020-08-26,4,VIAC
1,2020-09-25,4,VIAC
2,2020-10-26,2,VIAC
3,2020-11-25,5,VIAC
4,2020-12-28,4,VIAC
0,2020-08-26,2,VLO
1,2020-09-25,2,VLO
2,2020-10-26,2,VLO
3,2020-11-25,5,VLO
4,2020-12-28,3,VLO
0,2020-08-26,2,VMC
1,2020-09-25,4,VMC
2,2020-10-26,4,VMC
3,2020-11-25,3,VMC
4,2020-12-28,3,VMC
0,2020-08-26,4,VNO
1,2020-09-25,2,VNO
2,2020-10-26,2,VNO
3,2020-11-25,5,VNO
4,2020-12-28,2,VNO
0,2020-08-26,1,VNT
1,2020-09-25,1,VNT
2,2020-10-26,1,VNT
3,2020-11-25,4,VNT
4,2020-12-28,3,VNT
0,2020-08-26,3,VRSK
1,2020-09-25,3,VRSK
2,2020-10-26,3,VRSK
3,2020-11-25,4,VRSK
4,2020-12-28,4,VRSK
0,2020-08-26,3,VRSN
1,2020-09-25,3,VRSN
2,2020-10-26,2,VRSN
3,2020-11-25,3,VRSN
4,2020-12-28,4,VRSN
0,2020-08-26,2,VRTX
1,2020-09-25,3,VRTX
2,2020-10-26,1,VRTX
3,2020-11-25,4,VRTX
4,2020-12-28,4,VRTX
0,2020-08-26,4,VTR
1,2020-09-25,3,VTR
2,2020-10-26,2,VTR
3,2020-11-25,5,VTR
4,2020-12-28,3,VTR
0,2020-08-26,3,VTRS
1,2020-09-25,2,VTRS
2,2020-10-26,3,VTRS
3,2020-11-25,4,VTRS
4,2020-12-28,4,VTRS
0,2020-08-26,4,VZ
1,2020-09-25,3,VZ
2,2020-10-26,3,VZ
3,2020-11-25,4,VZ
4,2020-12-28,3,VZ
0,2020-08-26,4,WAB
1,2020-09-25,2,WAB
2,2020-10-26,2,WAB
3,2020-11-25,5,WAB
4,2020-12-28,3,WAB
0,2020-08-26,2,WAT
1,2020-09-25,2,WAT
2,2020-10-26,4,WAT
3,2020-11-25,3,WAT
4,2020-12-28,4,WAT
0,2020-08-26,3,WBA
1,2020-09-25,2,WBA
2,2020-10-26,3,WBA
3,2020-11-25,4,WBA
4,2020-12-28,3,WBA
0,2020-08-26,1,WDC
1,2020-09-25,4,WDC
2,2020-10-26,4,WDC
3,2020-11-25,4,WDC
4,2020-12-28,5,WDC
0,2020-08-26,3,WEC
1,2020-09-25,4,WEC
2,2020-10-26,4,WEC
3,2020-11-25,2,WEC
4,2020-12-28,2,WEC
0,2020-08-26,4,WELL
1,2020-09-25,2,WELL
2,2020-10-26,3,WELL
3,2020-11-25,4,WELL
4,2020-12-28,3,WELL
0,2020-08-26,2,WFC
1,2020-09-25,3,WFC
2,2020-10-26,2,WFC
3,2020-11-25,5,WFC
4,2020-12-28,4,WFC
0,2020-08-26,4,WHR
1,2020-09-25,3,WHR
2,2020-10-26,4,WHR
3,2020-11-25,4,WHR
4,2020-12-28,2,WHR
0,2020-08-26,2,WLTW
1,2020-09-25,3,WLTW
2,2020-10-26,3,WLTW
3,2020-11-25,4,WLTW
4,2020-12-28,3,WLTW
0,2020-08-26,4,WM
1,2020-09-25,3,WM
2,2020-10-26,3,WM
3,2020-11-25,4,WM
4,2020-12-28,3,WM
0,2020-08-26,4,WMB
1,2020-09-25,2,WMB
2,2020-10-26,3,WMB
3,2020-11-25,4,WMB
4,2020-12-28,2,WMB
0,2020-08-26,3,WMT
1,2020-09-25,4,WMT
2,2020-10-26,4,WMT
3,2020-11-25,4,WMT
4,2020-12-28,2,WMT
0,2020-08-26,3,WRB
1,2020-09-25,3,WRB
2,2020-10-26,3,WRB
3,2020-11-25,3,WRB
4,2020-12-28,3,WRB
0,2020-08-26,3,WRK
1,2020-09-25,4,WRK
2,2020-10-26,4,WRK
3,2020-11-25,4,WRK
4,2020-12-28,3,WRK
0,2020-08-26,3,WST
1,2020-09-25,3,WST
2,2020-10-26,4,WST
3,2020-11-25,2,WST
4,2020-12-28,4,WST
0,2020-08-26,4,WU
1,2020-09-25,2,WU
2,2020-10-26,2,WU
3,2020-11-25,4,WU
4,2020-12-28,3,WU
0,2020-08-26,4,WY
1,2020-09-25,2,WY
2,2020-10-26,3,WY
3,2020-11-25,3,WY
4,2020-12-28,4,WY
0,2020-08-26,4,WYNN
1,2020-09-25,2,WYNN
2,2020-10-26,3,WYNN
3,2020-11-25,5,WYNN
4,2020-12-28,4,WYNN
0,2020-08-26,3,XEL
1,2020-09-25,3,XEL
2,2020-10-26,4,XEL
3,2020-11-25,2,XEL
4,2020-12-28,3,XEL
0,2020-08-26,3,XLNX
1,2020-09-25,2,XLNX
2,2020-10-26,5,XLNX
3,2020-11-25,4,XLNX
4,2020-12-28,4,XLNX
0,2020-08-26,2,XOM
1,2020-09-25,2,XOM
2,2020-10-26,2,XOM
3,2020-11-25,5,XOM
4,2020-12-28,3,XOM
0,2020-08-26,3,XRAY
1,2020-09-25,3,XRAY
2,2020-10-26,4,XRAY
3,2020-11-25,4,XRAY
4,2020-12-28,3,XRAY
0,2020-08-26,4,XRX
1,2020-09-25,2,XRX
2,2020-10-26,4,XRX
3,2020-11-25,5,XRX
4,2020-12-28,3,XRX
0,2020-08-26,4,XYL
1,2020-09-25,3,XYL
2,2020-10-26,4,XYL
3,2020-11-25,4,XYL
4,2020-12-28,4,XYL
0,2020-08-26,3,YUM
1,2020-09-25,2,YUM
2,2020-10-26,4,YUM
3,2020-11-25,4,YUM
4,2020-12-28,3,YUM
0,2020-08-26,3,ZBH
1,2020-09-25,3,ZBH
2,2020-10-26,3,ZBH
3,2020-11-25,4,ZBH
4,2020-12-28,4,ZBH
0,2020-08-26,4,ZBRA
1,2020-09-25,2,ZBRA
2,2020-10-26,4,ZBRA
3,2020-11-25,5,ZBRA
4,2020-12-28,4,ZBRA
0,2020-08-26,3,ZION
1,2020-09-25,2,ZION
2,2020-10-26,4,ZION
3,2020-11-25,5,ZION
4,2020-12-28,4,ZION
0,2020-08-26,4,ZTS
1,2020-09-25,3,ZTS
2,2020-10-26,3,ZTS
3,2020-11-25,3,ZTS
4,2020-12-28,4,ZTS
